step,train_loss,train_accuracy,valid_loss,valid_mean_token_accuracy
1,6.65567,0.4,,
2,7.05135,0.4,,
3,6.30742,0.4,,
4,6.87736,0.4,,
5,5.89704,0.66667,,
6,4.9181,0.75,,
7,6.65579,0.4,,
8,7.85195,0.6,,
9,5.45994,0.71429,,
10,5.80486,0.4,,
11,5.17824,0.77778,,
12,5.62392,0.66667,,
13,6.10293,0.66667,,
14,1.89489,0.68852,,
15,3.78332,0.8,,
16,2.16968,0.78571,,
17,4.88064,0.77778,,
18,4.80114,0.6,,
19,2.12807,0.76471,,
20,7.06188,0.4,,
21,3.73443,0.83333,,
22,3.02348,0.72,,
23,2.03189,0.78125,,
24,4.74245,0.66667,,
25,3.44364,0.77778,,
26,3.46938,0.77778,,
27,3.65185,0.6,,
28,1.74915,0.67742,,
29,5.69431,0.6,,
30,1.18738,0.78571,,
31,2.49302,0.69231,,
32,1.66697,0.72727,,
33,2.26246,0.77778,,
34,1.06119,0.73684,,
35,2.51645,0.8,,
36,0.69395,0.8481,,
37,0.78462,0.8125,,
38,2.17644,0.6,,
39,2.23898,0.8,,
40,0.72424,0.79167,,
41,1.6527,0.8,,
42,2.06238,0.625,,
43,1.24731,0.71429,,
44,0.7601,0.7027,,
45,1.15399,0.625,,
46,0.82273,0.73684,,
47,0.75677,0.75,,
48,1.19276,0.6,,
49,0.72838,0.8,,
50,0.71183,0.74074,,
51,0.48521,0.87879,,
52,0.70978,0.8125,,
53,0.4598,0.8125,,
54,0.46905,0.83871,,
55,0.40801,0.8125,,
56,0.35312,0.88889,,
57,1.28074,0.66667,,
58,0.44096,0.87805,,
59,0.64914,0.75,,
60,0.52306,0.88889,,
61,1.214,0.5,,
62,0.4733,0.82609,,
63,0.43809,1.0,,
64,0.30385,0.875,,
65,0.45599,0.86207,,
66,0.53639,0.8,,
67,0.36125,0.89189,,
68,0.76642,0.75,,
69,0.37191,0.88095,,
70,0.75234,0.76923,,
71,0.96308,0.8,,
72,0.69746,0.75,,
73,0.38638,0.89286,,
74,0.24475,1.0,,
75,0.61497,0.75,,
76,0.14257,1.0,,
77,0.42047,0.77778,,
78,0.17376,1.0,,
79,0.5293,0.8,,
80,1.46053,0.75,,
81,0.3485,1.0,,
82,2.37604,0.5,,
83,0.83707,0.625,,
84,0.02259,1.0,,
85,0.04844,1.0,,
86,0.48858,0.83333,,
87,1.26769,0.8,,
88,0.5193,0.88889,,
89,0.00473,1.0,,
90,0.00354,1.0,,
91,0.44355,0.875,,
92,0.00148,1.0,,
93,0.00068,1.0,,
94,1.19213,0.8,,
95,0.57158,0.81481,,
96,1.29676,0.88889,,
97,1.17699,0.875,,
98,0.00015,1.0,,
99,0.42375,0.88333,,
100,1.54958,0.875,0.54635,0.76923
101,0.00246,1.0,,
102,0.59426,0.8,,
103,0.31113,0.77778,,
104,0.33681,0.88889,,
105,0.64741,0.76923,,
106,0.60834,0.82222,,
107,0.04499,1.0,,
108,0.00078,1.0,,
109,0.85977,0.5,,
110,0.13659,1.0,,
111,0.40871,0.88889,,
112,0.00234,1.0,,
113,0.45112,0.8,,
114,0.00295,1.0,,
115,0.41259,0.77419,,
116,0.00032,1.0,,
117,0.57215,0.78571,,
118,0.90126,0.82353,,
119,0.05073,1.0,,
120,0.32731,0.84615,,
121,0.35118,0.86207,,
122,0.76598,0.8125,,
123,0.00024,1.0,,
124,0.94967,0.8125,,
125,0.73128,0.86667,,
126,2.27149,0.8,,
127,1.60836,0.8,,
128,0.49139,0.8125,,
129,0.87513,0.83333,,
130,0.94068,0.73684,,
131,0.53895,0.88889,,
132,1.10285,0.8,,
133,0.27385,0.88889,,
134,0.57542,0.8,,
135,0.56148,0.76471,,
136,0.09121,1.0,,
137,0.24771,0.88889,,
138,0.70462,0.73913,,
139,1.12976,0.6,,
140,0.04331,1.0,,
141,0.04528,1.0,,
142,1.08641,0.77778,,
143,0.8962,0.875,,
144,0.97543,0.8,,
145,0.90196,0.63158,,
146,0.84826,0.75,,
147,1.33957,0.8,,
148,0.71036,0.75,,
149,0.27086,0.88889,,
150,0.04093,1.0,,
151,0.64185,0.84211,,
152,0.06993,1.0,,
153,0.59727,0.69231,,
154,0.406,0.875,,
155,0.47091,0.82857,,
156,0.10498,1.0,,
157,0.06424,1.0,,
158,0.73803,0.77778,,
159,0.55062,0.83824,,
160,0.42237,0.88235,,
161,0.40982,0.81395,,
162,0.04327,1.0,,
163,0.08582,1.0,,
164,0.59991,0.8125,,
165,0.40458,0.925,,
166,0.0119,1.0,,
167,1.7444,0.8,,
168,0.84978,0.8125,,
169,0.64265,0.81818,,
170,0.42739,0.87179,,
171,1.26873,0.875,,
172,0.48349,0.92308,,
173,0.36468,0.83784,,
174,0.96764,0.69231,,
175,0.55765,0.85106,,
176,0.40827,0.86957,,
177,0.57795,0.8,,
178,0.4351,0.76471,,
179,0.49327,0.91667,,
180,0.15471,1.0,,
181,0.38775,0.875,,
182,0.4889,0.83784,,
183,0.35159,0.85366,,
184,0.44074,0.875,,
185,0.34514,0.85417,,
186,0.31414,0.84615,,
187,1.35248,0.6,,
188,0.74203,0.75,,
189,0.85455,0.8,,
190,0.384,0.82609,,
191,0.44896,0.85294,,
192,0.52943,0.76923,,
193,0.267,0.88889,,
194,0.4173,0.88889,,
195,0.32459,0.95833,,
196,0.91104,0.74286,,
197,0.45647,0.78947,,
198,0.44455,0.8,,
199,0.15074,1.0,,
200,0.42528,0.85417,0.52436,0.73333
201,0.57283,0.8,,
202,0.25919,0.8,,
203,0.20742,0.88889,,
204,0.05255,1.0,,
205,0.62105,0.84211,,
206,0.79069,0.76923,,
207,0.01258,1.0,,
208,0.01438,1.0,,
209,0.63571,0.8125,,
210,0.33071,0.91111,,
211,0.52703,0.85938,,
212,0.77769,0.88889,,
213,0.00073,1.0,,
214,0.62071,0.76,,
215,0.00172,1.0,,
216,0.49169,0.83333,,
217,0.53489,0.80769,,
218,0.00149,1.0,,
219,0.78819,0.875,,
220,0.91176,0.875,,
221,0.81883,0.88889,,
222,0.57645,0.75,,
223,0.04275,1.0,,
224,1.278,0.8,,
225,0.21644,0.8,,
226,0.28801,0.875,,
227,0.63017,0.83333,,
228,0.3664,0.83333,,
229,0.2851,0.88889,,
230,0.4525,0.84615,,
231,0.08282,1.0,,
232,0.29973,0.8,,
233,0.2462,0.8,,
234,0.70381,0.8,,
235,0.08323,1.0,,
236,0.56218,0.80899,,
237,0.70021,0.77778,,
238,0.0191,1.0,,
239,0.62209,0.88889,,
240,0.02441,1.0,,
241,0.5741,0.81481,,
242,0.02195,1.0,,
243,0.3214,0.87097,,
244,1.0871,0.66667,,
245,0.45463,0.85333,,
246,0.85474,0.7037,,
247,0.65364,0.73684,,
248,0.9665,0.75,,
249,0.00104,1.0,,
250,0.73831,0.75,,
251,0.94325,0.8125,,
252,0.36503,0.84211,,
253,0.00491,1.0,,
254,0.24609,0.91429,,
255,0.45276,0.86364,,
256,0.2863,0.87097,,
257,0.10752,1.0,,
258,0.06926,1.0,,
259,0.28449,0.86364,,
260,0.29121,0.89796,,
261,0.00501,1.0,,
262,0.28425,0.89474,,
263,1.04417,0.77778,,
264,1.41487,0.625,,
265,1.27881,0.75,,
266,0.3768,0.86275,,
267,1.2876,0.875,,
268,0.76612,0.75,,
269,0.28795,0.85714,,
270,0.00097,1.0,,
271,0.00149,1.0,,
272,0.4276,0.875,,
273,0.91627,0.77778,,
274,0.72897,0.75,,
275,0.76888,0.86667,,
276,0.76465,0.8125,,
277,0.00312,1.0,,
278,0.38184,0.83333,,
279,1.19299,0.55556,,
280,0.48601,0.75,,
281,0.8552,0.75,,
282,0.02639,1.0,,
283,0.44364,0.88889,,
284,0.98883,0.76923,,
285,0.56248,0.79167,,
286,0.16114,1.0,,
287,0.00737,1.0,,
288,0.43166,0.85,,
289,0.10615,1.0,,
290,0.16045,1.0,,
291,0.00643,1.0,,
292,0.47608,0.78571,,
293,0.01133,1.0,,
294,0.46377,0.86842,,
295,0.00042,1.0,,
296,0.31975,0.84615,,
297,0.56557,0.82143,,
298,0.42609,0.87179,,
299,0.83148,0.71429,,
300,0.58057,0.77778,0.00035,1.0
301,1.18123,0.75,,
302,0.00019,1.0,,
303,0.53134,0.85185,,
304,0.32689,0.85714,,
305,7e-05,1.0,,
306,0.32545,0.88679,,
307,0.46109,0.75,,
308,0.33445,0.77778,,
309,0.90829,0.93333,,
310,0.39701,0.84848,,
311,0.00247,1.0,,
312,0.44027,0.88889,,
313,0.23729,0.94118,,
314,0.29132,0.8871,,
315,0.64509,0.78947,,
316,0.30059,0.92308,,
317,0.252,0.89286,,
318,2.20585,0.8,,
319,0.00075,1.0,,
320,0.50277,0.86667,,
321,0.21427,0.90323,,
322,0.88976,0.75,,
323,0.70686,0.8,,
324,0.47562,0.84848,,
325,0.7562,0.88889,,
326,0.00078,1.0,,
327,1.53269,0.5,,
328,1.09567,0.66667,,
329,0.66958,0.88889,,
330,0.00065,1.0,,
331,0.00061,1.0,,
332,0.29042,0.88889,,
333,0.50364,0.77778,,
334,0.00118,1.0,,
335,0.3449,0.84615,,
336,0.30122,0.93333,,
337,1.13371,0.6,,
338,0.30718,0.77778,,
339,0.39187,0.88889,,
340,0.75451,0.8,,
341,0.61639,0.75,,
342,0.28133,0.875,,
343,0.28402,0.87805,,
344,0.40801,0.81818,,
345,0.50343,0.85294,,
346,0.59643,0.8,,
347,0.32899,0.89062,,
348,0.17352,1.0,,
349,0.47708,0.75,,
350,0.36831,0.86667,,
351,0.28085,0.8,,
352,0.01105,1.0,,
353,0.28604,0.875,,
354,0.34613,0.875,,
355,0.66947,0.83333,,
356,0.02966,1.0,,
357,0.39334,0.90476,,
358,0.46572,0.8,,
359,0.71502,0.71429,,
360,0.50967,0.85714,,
361,0.21432,1.0,,
362,0.94722,0.8,,
363,0.35743,0.875,,
364,0.33136,0.87879,,
365,0.45483,0.82353,,
366,0.07528,1.0,,
367,0.39684,0.83333,,
368,0.28377,0.91429,,
369,0.83119,0.78947,,
370,0.00086,1.0,,
371,0.49839,0.77778,,
372,0.63316,0.75,,
373,0.00265,1.0,,
374,0.38395,0.875,,
375,0.4998,0.8,,
376,1.8269,0.5,,
377,0.44432,0.88889,,
378,0.09284,1.0,,
379,1.31289,0.8,,
380,0.48533,0.75,,
381,1.356,0.8,,
382,0.57161,0.78378,,
383,0.37175,0.88889,,
384,0.33884,1.0,,
385,0.52428,0.77083,,
386,0.37722,0.88889,,
387,0.58842,0.76923,,
388,0.33188,0.8,,
389,0.25522,0.88889,,
390,0.31935,0.83784,,
391,0.45965,0.82812,,
392,0.5092,0.75,,
393,0.38652,0.8,,
394,0.20576,0.875,,
395,1.19992,0.8,,
396,0.25311,0.9,,
397,0.11582,1.0,,
398,0.87689,0.8,,
399,0.02992,1.0,,
400,0.14843,1.0,0.24572,0.91667
401,0.29157,0.90244,,
402,0.13787,1.0,,
403,0.12746,1.0,,
404,0.2536,0.88889,,
405,0.3885,0.91304,,
406,0.26351,0.9,,
407,0.07436,1.0,,
408,0.00027,1.0,,
409,0.00695,1.0,,
410,0.72239,0.75,,
411,0.00021,1.0,,
412,1.07523,0.75,,
413,0.96636,0.75,,
414,0.62915,0.85185,,
415,0.55785,0.81395,,
416,0.50777,0.82857,,
417,0.5346,0.83333,,
418,0.25791,0.9375,,
419,0.91235,0.75,,
420,5e-05,1.0,,
421,0.00029,1.0,,
422,1.07133,0.6,,
423,0.49058,0.83333,,
424,0.49186,0.84615,,
425,6e-05,1.0,,
426,0.39023,0.77778,,
427,0.00013,1.0,,
428,0.68346,0.75,,
429,1.00062,0.75,,
430,0.23099,0.875,,
431,0.00045,1.0,,
432,0.26627,0.94118,,
433,0.31488,0.85,,
434,8e-05,1.0,,
435,0.34543,0.88571,,
436,0.30665,0.89831,,
437,0.24568,0.90476,,
438,0.85714,0.625,,
439,0.64208,0.75,,
440,0.31159,0.85185,,
441,0.29903,0.86842,,
442,0.25946,0.92105,,
443,1.72684,0.8,,
444,0.66941,0.75,,
445,2.13557,0.5,,
446,6e-05,1.0,,
447,0.74662,0.78947,,
448,0.36208,0.86957,,
449,0.48044,0.6875,,
450,1.76175,0.875,,
451,0.00259,1.0,,
452,0.00019,1.0,,
453,0.66205,0.8125,,
454,0.0002,1.0,,
455,1.47794,0.8,,
456,0.52923,0.6,,
457,0.48093,0.88235,,
458,0.00019,1.0,,
459,0.00025,1.0,,
460,0.32022,0.86667,,
461,0.76944,0.88889,,
462,0.34649,0.82353,,
463,0.36627,0.8,,
464,0.80432,0.88889,,
465,0.39515,0.85,,
466,0.35878,0.87179,,
467,0.68021,0.625,,
468,0.32499,0.875,,
469,0.02006,1.0,,
470,0.36116,0.8913,,
471,0.71972,0.8,,
472,0.41673,0.8,,
473,0.58857,0.77778,,
474,0.49233,0.8,,
475,0.00213,1.0,,
476,0.00131,1.0,,
477,0.21719,0.9375,,
478,0.38072,0.8125,,
479,0.45373,0.88462,,
480,0.34596,0.85,,
481,0.43209,0.86667,,
482,0.28562,0.85714,,
483,0.22478,0.94737,,
484,1.00091,0.8,,
485,0.18081,0.91071,,
486,0.75432,0.875,,
487,0.47465,0.76923,,
488,0.56194,0.84211,,
489,0.04921,1.0,,
490,0.83775,0.75,,
491,0.20776,0.875,,
492,0.00025,1.0,,
493,0.81619,0.8,,
494,0.00075,1.0,,
495,0.25387,0.91549,,
496,0.46738,0.75,,
497,0.71047,0.87097,,
498,0.64364,0.84615,,
499,0.77274,0.82353,,
500,0.54325,0.77778,0.29038,0.8
501,0.07361,1.0,,
502,0.46468,0.8,,
503,0.1923,1.0,,
504,0.32132,0.89474,,
505,0.7878,0.77778,,
506,0.35871,0.8,,
507,0.39457,0.92308,,
508,0.25082,1.0,,
509,0.49097,0.84615,,
510,0.47518,0.875,,
511,0.89065,0.875,,
512,0.51097,0.82857,,
513,0.39486,0.875,,
514,0.4906,0.83333,,
515,0.43848,0.77778,,
516,1.24636,0.8,,
517,0.78423,0.8,,
518,0.42127,0.86842,,
519,1.01318,0.58333,,
520,0.21931,1.0,,
521,0.29794,0.88889,,
522,0.15152,0.875,,
523,0.14765,1.0,,
524,0.44923,0.83333,,
525,0.19655,0.8,,
526,0.10294,1.0,,
527,0.58889,0.8,,
528,0.81744,0.8,,
529,0.10749,1.0,,
530,0.41115,0.84211,,
531,0.16988,1.0,,
532,0.28862,0.88889,,
533,0.46544,0.79167,,
534,0.43509,0.80645,,
535,0.40759,0.8,,
536,2.17534,0.5,,
537,0.44994,0.8,,
538,0.04213,1.0,,
539,0.49204,0.85714,,
540,0.35742,0.875,,
541,0.3175,1.0,,
542,0.26568,0.77778,,
543,0.55695,0.75,,
544,0.23007,1.0,,
545,0.51116,0.91667,,
546,0.34464,0.8,,
547,0.06039,1.0,,
548,0.38535,0.875,,
549,0.55566,0.83333,,
550,0.06734,1.0,,
551,0.789,0.75,,
552,0.44226,0.8,,
553,0.9362,0.72222,,
554,0.37677,0.8125,,
555,0.0875,1.0,,
556,0.66643,0.86667,,
557,0.23717,0.875,,
558,1.41256,0.8,,
559,0.81479,0.8,,
560,0.77148,0.8125,,
561,0.69147,0.8,,
562,0.40811,0.77778,,
563,0.41426,0.88095,,
564,0.39671,0.84615,,
565,0.29825,0.91667,,
566,0.59573,0.8,,
567,0.29255,0.96296,,
568,0.08478,1.0,,
569,0.14068,1.0,,
570,0.14368,1.0,,
571,0.04607,1.0,,
572,0.00259,1.0,,
573,0.29745,0.86765,,
574,0.82084,0.88889,,
575,0.46578,0.77778,,
576,0.98017,0.66667,,
577,0.38357,0.86486,,
578,0.01156,1.0,,
579,0.42267,0.83333,,
580,0.96345,0.75,,
581,0.49343,0.89474,,
582,0.64609,0.82609,,
583,1.14672,0.8,,
584,0.20758,0.94,,
585,0.04282,1.0,,
586,0.91438,0.8,,
587,0.00033,1.0,,
588,0.27752,0.9,,
589,0.00719,1.0,,
590,0.5253,0.77778,,
591,0.05575,1.0,,
592,0.00157,1.0,,
593,0.00108,1.0,,
594,0.7406,0.8,,
595,0.43014,0.79167,,
596,0.87701,0.75,,
597,0.66877,0.8,,
598,0.55823,0.84211,,
599,0.00296,1.0,,
600,0.6433,0.76923,0.00055,1.0
601,0.25943,0.90909,,
602,0.78892,0.85714,,
603,0.09819,1.0,,
604,0.50373,0.75,,
605,0.26555,0.9,,
606,0.45999,0.81481,,
607,0.33182,0.875,,
608,0.00441,1.0,,
609,0.37925,0.80952,,
610,0.65443,0.76923,,
611,0.34071,0.85714,,
612,0.46201,0.85714,,
613,0.61153,0.875,,
614,0.4179,0.92308,,
615,0.19582,0.91667,,
616,0.45576,0.82353,,
617,0.42033,0.86364,,
618,0.49756,0.8,,
619,0.32556,0.87234,,
620,0.00328,1.0,,
621,0.91349,0.75,,
622,0.00181,1.0,,
623,0.82397,0.8,,
624,0.00038,1.0,,
625,0.35908,0.83333,,
626,0.46561,0.85185,,
627,0.01564,1.0,,
628,0.32462,0.8,,
629,0.42853,0.88235,,
630,0.30336,1.0,,
631,1.15281,0.8,,
632,0.26123,0.88235,,
633,0.43399,0.83333,,
634,0.64662,0.86957,,
635,1.40945,0.83333,,
636,0.00018,1.0,,
637,0.32074,0.88095,,
638,1.70719,0.5,,
639,0.00016,1.0,,
640,0.18433,0.95238,,
641,0.26688,0.8125,,
642,0.00525,1.0,,
643,0.40538,0.90244,,
644,0.02215,1.0,,
645,0.0001,1.0,,
646,1.24345,0.875,,
647,0.34015,0.86111,,
648,0.25862,0.94118,,
649,0.2589,0.90698,,
650,0.29215,0.84615,,
651,1.05548,0.8,,
652,0.47762,0.83871,,
653,0.00122,1.0,,
654,0.50084,0.8,,
655,1.41344,0.875,,
656,1.00154,0.77778,,
657,0.24681,0.89231,,
658,0.53208,0.89474,,
659,2e-05,1.0,,
660,0.37487,0.88571,,
661,0.71806,0.76923,,
662,0.00046,1.0,,
663,0.94208,0.875,,
664,0.3423,0.9,,
665,0.82262,0.8,,
666,0.50437,0.8,,
667,0.07269,1.0,,
668,0.01784,1.0,,
669,4e-05,1.0,,
670,2.65371,0.5,,
671,0.00018,1.0,,
672,0.63137,0.76923,,
673,0.91874,0.88889,,
674,0.0671,1.0,,
675,0.39186,0.91667,,
676,0.19945,0.90164,,
677,1.65687,0.83333,,
678,0.00157,1.0,,
679,0.66229,0.8125,,
680,0.00017,1.0,,
681,1.03218,0.77778,,
682,0.72895,0.875,,
683,0.67792,0.75,,
684,0.00277,1.0,,
685,0.30775,0.91228,,
686,0.47286,0.8125,,
687,0.00972,1.0,,
688,0.76144,0.88889,,
689,1.18733,0.8,,
690,0.08225,1.0,,
691,0.0066,1.0,,
692,0.85719,0.76923,,
693,0.49718,0.875,,
694,0.62243,0.8,,
695,0.08616,1.0,,
696,0.23074,0.8913,,
697,0.52996,0.77778,,
698,0.19657,0.925,,
699,0.32549,0.88,,
700,0.27869,0.91667,0.5158,0.79167
701,0.83311,0.8,,
702,0.67889,0.66667,,
703,0.5312,0.8125,,
704,0.76483,0.82759,,
705,0.42806,0.8,,
706,0.61176,0.78261,,
707,0.30086,0.77778,,
708,0.68861,0.77778,,
709,0.10872,1.0,,
710,0.69916,0.75,,
711,0.18497,0.9375,,
712,0.34481,0.875,,
713,0.2566,1.0,,
714,0.01216,1.0,,
715,0.55585,0.875,,
716,0.16682,0.92982,,
717,0.01035,1.0,,
718,0.0236,1.0,,
719,0.00344,1.0,,
720,0.79006,0.875,,
721,2.0987,0.75,,
722,0.33858,0.93103,,
723,0.00202,1.0,,
724,0.42172,0.8,,
725,0.72314,0.77778,,
726,0.73773,0.875,,
727,0.51333,0.875,,
728,0.95291,0.8,,
729,0.78859,0.77778,,
730,0.34423,0.85106,,
731,1.09599,0.71429,,
732,0.00125,1.0,,
733,0.72305,0.84615,,
734,0.32784,0.8,,
735,0.03313,1.0,,
736,0.35937,0.86842,,
737,0.42913,0.875,,
738,0.71377,0.75,,
739,0.51376,0.75,,
740,0.77997,0.875,,
741,0.20783,0.91429,,
742,0.23452,0.9375,,
743,0.30842,0.88372,,
744,0.14552,0.9375,,
745,0.21664,0.92105,,
746,0.2542,0.88889,,
747,0.27598,0.8,,
748,0.0131,1.0,,
749,1.0893,0.66667,,
750,0.09834,1.0,,
751,0.00355,1.0,,
752,0.13899,0.95652,,
753,0.2236,0.88571,,
754,1.25009,0.66667,,
755,0.50233,0.75,,
756,1.67466,0.6,,
757,0.00306,1.0,,
758,0.6615,0.8,,
759,0.04181,1.0,,
760,0.00013,1.0,,
761,0.31176,0.89744,,
762,0.29127,0.88333,,
763,1.40846,0.66667,,
764,0.51664,0.8,,
765,0.30973,0.89231,,
766,0.01224,1.0,,
767,0.73513,0.8,,
768,1.1267,0.88889,,
769,0.01372,1.0,,
770,0.00033,1.0,,
771,0.00029,1.0,,
772,0.73866,0.86667,,
773,0.00031,1.0,,
774,0.44045,0.9375,,
775,0.54043,0.88235,,
776,0.00233,1.0,,
777,0.00023,1.0,,
778,0.58971,0.8,,
779,0.21031,0.92593,,
780,0.43508,0.86364,,
781,0.00677,1.0,,
782,0.90284,0.8,,
783,0.33027,0.84615,,
784,0.88751,0.75,,
785,1.0945,0.77778,,
786,0.51366,0.79167,,
787,0.0009,1.0,,
788,0.00299,1.0,,
789,0.00064,1.0,,
790,0.00135,1.0,,
791,0.67701,0.73684,,
792,0.28616,0.875,,
793,0.00041,1.0,,
794,0.00046,1.0,,
795,0.00642,1.0,,
796,0.00079,1.0,,
797,0.55984,0.88235,,
798,0.81063,0.80952,,
799,0.62556,0.875,,
800,0.33003,0.85714,0.89626,0.66667
801,0.99976,0.77778,,
802,0.39568,0.83333,,
803,0.6354,0.86667,,
804,0.0034,1.0,,
805,0.47505,0.83673,,
806,0.2084,1.0,,
807,0.19092,0.92308,,
808,0.77535,0.77778,,
809,0.26363,0.8,,
810,0.55369,0.77778,,
811,1.12894,0.8,,
812,0.00206,1.0,,
813,0.6976,0.8,,
814,0.8587,0.8,,
815,0.65587,0.75,,
816,0.08748,1.0,,
817,0.57022,0.75,,
818,0.00653,1.0,,
819,0.89952,0.76,,
820,0.00018,1.0,,
821,0.26179,0.875,,
822,0.43764,0.875,,
823,0.48189,0.86957,,
824,0.43684,0.75,,
825,0.20474,0.89744,,
826,1.60867,0.8,,
827,0.376,0.84615,,
828,0.80023,0.8,,
829,0.29657,0.76923,,
830,0.0505,1.0,,
831,0.21227,0.88889,,
832,1.70029,0.8,,
833,0.22287,0.92308,,
834,1.15465,0.8,,
835,0.18091,0.90244,,
836,0.24473,0.85714,,
837,0.00012,1.0,,
838,0.09118,1.0,,
839,0.00213,1.0,,
840,1.47297,0.75,,
841,0.00015,1.0,,
842,0.93102,0.88889,,
843,0.50515,0.76471,,
844,1e-05,1.0,,
845,0.67842,0.82353,,
846,0.27336,0.88571,,
847,0.25248,0.93333,,
848,0.00193,1.0,,
849,8e-05,1.0,,
850,0.67477,0.88889,,
851,0.00785,1.0,,
852,0.01305,1.0,,
853,0.0003,1.0,,
854,0.00019,1.0,,
855,0.72941,0.8,,
856,0.49172,0.85185,,
857,0.36566,0.83333,,
858,0.38736,0.84,,
859,0.00092,1.0,,
860,0.54078,0.75,,
861,0.00154,1.0,,
862,0.72647,0.88889,,
863,0.391,0.85185,,
864,0.55361,0.875,,
865,0.98357,0.875,,
866,0.05852,1.0,,
867,0.79555,0.875,,
868,0.68271,0.75,,
869,0.91747,0.8,,
870,0.08784,1.0,,
871,0.62281,0.75,,
872,0.00453,1.0,,
873,0.30352,0.875,,
874,0.79158,0.78571,,
875,0.00872,1.0,,
876,0.35169,0.89286,,
877,0.51419,0.875,,
878,0.15238,1.0,,
879,0.02263,1.0,,
880,0.28316,0.875,,
881,0.40291,0.85185,,
882,1.18251,0.8,,
883,0.76209,0.8,,
884,0.57236,0.77778,,
885,0.36719,0.90909,,
886,0.84054,0.875,,
887,0.00283,1.0,,
888,0.00781,1.0,,
889,0.43983,0.82143,,
890,0.98886,0.72727,,
891,0.001,1.0,,
892,0.3518,0.8,,
893,0.45906,0.8,,
894,0.33746,0.8,,
895,0.36896,0.76923,,
896,0.38574,0.875,,
897,0.09824,1.0,,
898,0.67562,0.88889,,
899,0.59059,0.83333,,
900,0.64242,0.8125,0.25524,1.0
901,0.14803,1.0,,
902,0.31411,0.85,,
903,0.37026,0.8,,
904,0.29847,0.88889,,
905,0.35455,0.91071,,
906,0.48779,0.77778,,
907,0.32295,0.91667,,
908,0.00237,1.0,,
909,0.42908,0.75,,
910,0.25644,0.85185,,
911,0.47182,0.75,,
912,0.27004,1.0,,
913,0.42324,0.8,,
914,0.01016,1.0,,
915,0.28727,0.88889,,
916,0.42378,0.8125,,
917,0.10662,1.0,,
918,0.95963,0.8,,
919,0.89256,0.8,,
920,0.31031,0.8,,
921,0.00373,1.0,,
922,0.01143,1.0,,
923,0.81947,0.7931,,
924,0.04679,1.0,,
925,0.62574,0.79167,,
926,0.0011,1.0,,
927,0.23377,0.88889,,
928,0.00015,1.0,,
929,0.50731,0.875,,
930,0.38813,0.8,,
931,0.00115,1.0,,
932,0.39708,0.85417,,
933,0.00084,1.0,,
934,0.35886,0.875,,
935,0.35436,0.92857,,
936,2.15323,0.8,,
937,0.00099,1.0,,
938,0.00031,1.0,,
939,0.36338,0.84615,,
940,7e-05,1.0,,
941,0.2769,0.89474,,
942,0.41731,0.86364,,
943,0.53213,0.77778,,
944,0.90547,0.8,,
945,0.00753,1.0,,
946,2.30272,0.76923,,
947,5e-05,1.0,,
948,0.32327,0.87097,,
949,0.82118,0.88889,,
950,0.242,0.91304,,
951,1.69207,0.75,,
952,1.21368,0.83333,,
953,0.73891,0.82609,,
954,0.00023,1.0,,
955,0.46655,0.77778,,
956,0.6071,0.77778,,
957,0.23583,0.91667,,
958,0.43938,0.8125,,
959,0.03537,1.0,,
960,0.23299,0.90566,,
961,0.75717,0.8125,,
962,0.00017,1.0,,
963,0.46919,0.875,,
964,0.45464,0.85,,
965,0.00137,1.0,,
966,0.31383,0.90476,,
967,0.34803,0.85714,,
968,0.34003,0.85714,,
969,0.34698,0.89474,,
970,0.56834,0.84615,,
971,0.24975,0.92308,,
972,0.8972,0.66667,,
973,0.31766,0.86667,,
974,0.00033,1.0,,
975,0.00053,1.0,,
976,0.35928,0.86,,
977,0.56723,0.88889,,
978,0.00038,1.0,,
979,0.30811,0.86885,,
980,0.32258,0.8125,,
981,0.01406,1.0,,
982,0.24845,0.8,,
983,0.00058,1.0,,
984,0.30199,0.86957,,
985,0.17503,1.0,,
986,0.33594,0.92308,,
987,0.53047,0.86667,,
988,1.1088,0.88889,,
989,0.42296,0.78788,,
990,1.13104,0.875,,
991,0.34902,0.875,,
992,0.30029,0.90476,,
993,0.25143,0.94286,,
994,0.27208,0.91429,,
995,0.35964,0.875,,
996,0.56998,0.88889,,
997,0.00078,1.0,,
998,0.53811,0.75,,
999,0.31214,0.84615,,
1000,0.44428,0.88889,0.0036,1.0
1001,0.30412,0.89189,,
1002,0.00059,1.0,,
1003,0.47597,0.75,,
1004,0.83587,0.8,,
1005,0.00674,1.0,,
1006,0.0184,1.0,,
1007,0.00065,1.0,,
1008,0.32859,0.8,,
1009,0.34195,0.85714,,
1010,0.0003,1.0,,
1011,0.40144,0.875,,
1012,0.67949,0.76923,,
1013,0.85373,0.6,,
1014,0.38371,0.88372,,
1015,0.75898,0.8,,
1016,0.81495,0.875,,
1017,0.38927,0.8,,
1018,0.41297,0.77778,,
1019,0.99767,0.8,,
1020,0.40694,0.86364,,
1021,1.35369,0.83333,,
1022,0.26902,0.88889,,
1023,0.41261,0.83333,,
1024,1.00606,0.75,,
1025,0.42523,0.83333,,
1026,0.37068,0.88235,,
1027,0.00138,1.0,,
1028,0.46014,0.8,,
1029,0.16565,1.0,,
1030,0.26128,0.82353,,
1031,0.40632,0.88889,,
1032,0.28311,0.84615,,
1033,0.38462,0.76923,,
1034,0.34128,0.86,,
1035,0.87946,0.8,,
1036,0.22966,0.875,,
1037,0.23535,0.91549,,
1038,0.29196,0.90476,,
1039,0.27228,0.92982,,
1040,0.24739,1.0,,
1041,0.24083,0.875,,
1042,0.3568,0.875,,
1043,2.05288,0.4,,
1044,0.35753,0.88889,,
1045,0.36467,0.73333,,
1046,0.18196,1.0,,
1047,0.51043,0.8,,
1048,0.01045,1.0,,
1049,0.86361,0.8,,
1050,0.2302,0.86957,,
1051,0.49715,0.8,,
1052,0.32897,0.875,,
1053,0.25455,0.91304,,
1054,0.26908,0.77778,,
1055,0.00799,1.0,,
1056,0.00052,1.0,,
1057,0.31851,0.82143,,
1058,0.00046,1.0,,
1059,0.83652,0.76923,,
1060,0.01174,1.0,,
1061,0.64157,0.6,,
1062,0.00245,1.0,,
1063,0.55601,0.88889,,
1064,0.57296,0.91176,,
1065,0.62035,0.8,,
1066,0.00494,1.0,,
1067,0.18275,1.0,,
1068,0.38954,0.8125,,
1069,0.00398,1.0,,
1070,0.1527,1.0,,
1071,0.41927,0.875,,
1072,0.19188,0.91429,,
1073,0.53234,0.82609,,
1074,0.26387,0.9,,
1075,0.18182,0.91667,,
1076,0.51683,0.875,,
1077,0.06731,1.0,,
1078,0.67479,0.75,,
1079,0.42512,0.82857,,
1080,0.55853,0.875,,
1081,0.39921,0.89474,,
1082,0.23209,0.92308,,
1083,2.2672,0.75,,
1084,0.35513,0.77778,,
1085,1.21274,0.75,,
1086,0.00031,1.0,,
1087,0.29526,0.875,,
1088,0.44463,0.84848,,
1089,0.47861,0.90323,,
1090,0.33704,0.77778,,
1091,0.06207,1.0,,
1092,0.39858,0.8,,
1093,0.60841,0.75,,
1094,0.00048,1.0,,
1095,0.13822,1.0,,
1096,0.25628,0.92105,,
1097,0.09379,1.0,,
1098,0.29445,0.8,,
1099,0.24064,0.92308,,
1100,0.39405,0.77778,0.40405,0.875
1101,0.17277,0.91667,,
1102,0.44396,0.84615,,
1103,0.57398,0.75,,
1104,0.50459,0.82353,,
1105,0.29306,0.88889,,
1106,0.43756,0.82609,,
1107,0.68872,0.8,,
1108,0.16014,0.95238,,
1109,0.37349,0.88889,,
1110,0.22772,0.88889,,
1111,0.49613,0.76923,,
1112,0.32991,0.9,,
1113,0.4296,0.84375,,
1114,0.33006,0.875,,
1115,0.77009,0.77778,,
1116,1.09549,0.875,,
1117,0.23601,0.89796,,
1118,0.14653,1.0,,
1119,1.22837,0.8,,
1120,0.00051,1.0,,
1121,0.34123,0.85294,,
1122,0.55611,0.77778,,
1123,0.33508,0.8125,,
1124,0.27827,0.84615,,
1125,0.53928,0.8125,,
1126,0.19333,0.92105,,
1127,0.22561,0.90323,,
1128,0.35064,0.81481,,
1129,0.01839,1.0,,
1130,0.49707,0.94118,,
1131,0.38323,0.875,,
1132,0.60075,0.93333,,
1133,0.89188,0.75,,
1134,0.88523,0.75,,
1135,0.20043,0.875,,
1136,0.27279,0.86957,,
1137,0.48454,0.75,,
1138,0.52733,0.8,,
1139,0.27586,0.85294,,
1140,0.15574,1.0,,
1141,0.8174,0.8,,
1142,0.14259,0.95652,,
1143,0.24745,0.9375,,
1144,0.19074,0.92308,,
1145,0.3057,0.84783,,
1146,0.21052,1.0,,
1147,0.0002,1.0,,
1148,1.00051,0.66667,,
1149,0.24897,0.9,,
1150,0.28998,0.92308,,
1151,0.67275,0.8,,
1152,0.02315,1.0,,
1153,0.00928,1.0,,
1154,0.90982,0.875,,
1155,0.45309,0.88889,,
1156,0.00288,1.0,,
1157,0.40756,0.80645,,
1158,0.0261,1.0,,
1159,0.58971,0.85,,
1160,0.32098,0.875,,
1161,0.20345,0.92308,,
1162,0.61062,0.75,,
1163,0.42788,0.8125,,
1164,0.34352,0.8,,
1165,0.40517,0.77778,,
1166,0.58296,0.88889,,
1167,0.02084,1.0,,
1168,0.00082,1.0,,
1169,0.78948,0.88889,,
1170,0.33651,0.8,,
1171,0.65215,0.875,,
1172,0.00079,1.0,,
1173,0.00029,1.0,,
1174,0.0022,1.0,,
1175,0.2975,0.90244,,
1176,0.00031,1.0,,
1177,0.5621,0.8,,
1178,0.00058,1.0,,
1179,0.22514,0.87097,,
1180,0.48668,0.83333,,
1181,0.75876,0.8,,
1182,0.88293,0.875,,
1183,0.15172,0.92683,,
1184,0.76779,0.875,,
1185,0.01667,1.0,,
1186,0.39692,0.875,,
1187,0.308,0.88889,,
1188,0.00149,1.0,,
1189,0.4491,0.76923,,
1190,0.18813,1.0,,
1191,0.00285,1.0,,
1192,0.62072,0.88889,,
1193,0.48494,0.76923,,
1194,0.41279,0.82353,,
1195,0.159,1.0,,
1196,0.26809,0.8913,,
1197,0.26091,0.86667,,
1198,0.69944,0.75,,
1199,0.16735,0.9375,,
1200,0.24213,0.92308,0.73198,0.72727
1201,0.73401,0.77778,,
1202,0.00048,1.0,,
1203,0.47174,0.88889,,
1204,0.17922,1.0,,
1205,0.26271,0.85,,
1206,0.29714,0.84615,,
1207,0.18284,0.91667,,
1208,0.27015,0.875,,
1209,0.36864,0.88372,,
1210,0.38999,0.89655,,
1211,0.00056,1.0,,
1212,0.04093,1.0,,
1213,0.00256,1.0,,
1214,0.00247,1.0,,
1215,0.2,1.0,,
1216,0.01461,1.0,,
1217,0.24269,0.88333,,
1218,0.273,0.92857,,
1219,0.32348,0.92308,,
1220,0.00041,1.0,,
1221,0.00123,1.0,,
1222,0.31653,0.89474,,
1223,0.52845,0.875,,
1224,0.44491,0.86957,,
1225,0.00017,1.0,,
1226,0.22796,0.90625,,
1227,0.39098,0.93333,,
1228,0.00097,1.0,,
1229,1.0954,0.88889,,
1230,0.27565,0.93333,,
1231,7e-05,1.0,,
1232,0.50676,0.77778,,
1233,0.67734,0.8125,,
1234,0.3395,0.8125,,
1235,0.22888,0.92105,,
1236,0.0002,1.0,,
1237,3.02619,0.75,,
1238,0.56722,0.86667,,
1239,1.20786,0.88889,,
1240,0.43863,0.875,,
1241,0.00016,1.0,,
1242,0.00021,1.0,,
1243,0.01174,1.0,,
1244,0.00032,1.0,,
1245,0.36797,0.82857,,
1246,0.18675,0.92308,,
1247,0.39886,0.83333,,
1248,0.39656,0.75,,
1249,0.34953,0.87037,,
1250,0.25944,0.91176,,
1251,0.15753,0.95833,,
1252,0.00213,1.0,,
1253,0.38144,0.875,,
1254,0.0002,1.0,,
1255,0.33993,1.0,,
1256,0.00277,1.0,,
1257,0.24525,0.875,,
1258,0.70623,0.64286,,
1259,0.93958,0.75,,
1260,0.5452,0.78571,,
1261,0.84576,0.77778,,
1262,0.30143,0.8,,
1263,0.47267,0.88889,,
1264,0.33207,0.85714,,
1265,0.00102,1.0,,
1266,0.52508,0.83333,,
1267,0.52863,0.88889,,
1268,0.00171,1.0,,
1269,0.34588,0.875,,
1270,0.19219,0.92593,,
1271,1.1331,0.75,,
1272,0.00011,1.0,,
1273,0.32541,0.89474,,
1274,0.16742,0.95,,
1275,8e-05,1.0,,
1276,0.867,0.8,,
1277,0.43902,0.875,,
1278,0.2106,0.91667,,
1279,0.29716,0.875,,
1280,0.30302,0.93333,,
1281,0.00199,1.0,,
1282,0.16838,0.91429,,
1283,0.70604,0.76923,,
1284,0.28018,0.91176,,
1285,0.4704,0.875,,
1286,0.55633,0.8,,
1287,2.39557,0.8,,
1288,0.00014,1.0,,
1289,0.0002,1.0,,
1290,0.27827,1.0,,
1291,0.71501,0.71429,,
1292,0.00023,1.0,,
1293,0.37073,0.82857,,
1294,0.30674,0.94643,,
1295,0.33042,0.92308,,
1296,0.21449,0.8,,
1297,0.00024,1.0,,
1298,0.31304,0.87097,,
1299,0.2454,0.90323,,
1300,0.28524,0.875,0.14998,1.0
1301,0.32331,0.9,,
1302,1.37886,0.6,,
1303,1.977,0.66667,,
1304,0.00721,1.0,,
1305,0.35429,0.875,,
1306,0.13999,1.0,,
1307,0.25307,0.87805,,
1308,0.66116,0.875,,
1309,0.63202,0.875,,
1310,0.21361,0.91525,,
1311,0.27365,0.8,,
1312,0.00017,1.0,,
1313,0.5099,0.75,,
1314,0.00027,1.0,,
1315,0.11933,1.0,,
1316,0.40405,0.89474,,
1317,0.36534,0.89286,,
1318,0.32446,0.90323,,
1319,0.18267,0.95652,,
1320,0.41588,0.85965,,
1321,0.3984,0.8,,
1322,0.0002,1.0,,
1323,0.00023,1.0,,
1324,0.38706,0.77778,,
1325,0.25315,0.89474,,
1326,0.21957,0.93548,,
1327,0.2456,0.91667,,
1328,0.20368,0.88889,,
1329,0.02601,1.0,,
1330,0.56685,0.875,,
1331,0.23724,0.88889,,
1332,0.22916,0.91304,,
1333,0.58615,0.88235,,
1334,0.09272,1.0,,
1335,0.24086,0.88889,,
1336,0.38848,0.83333,,
1337,0.56023,0.75,,
1338,0.00042,1.0,,
1339,0.25302,0.90323,,
1340,0.34051,0.90244,,
1341,0.36694,0.8,,
1342,0.26523,0.88889,,
1343,0.00099,1.0,,
1344,0.55984,0.83333,,
1345,0.22876,0.77778,,
1346,0.18415,1.0,,
1347,0.29953,0.88889,,
1348,0.33796,0.83871,,
1349,0.00012,1.0,,
1350,0.40108,0.75,,
1351,0.29028,0.83871,,
1352,0.07859,1.0,,
1353,0.36073,0.85185,,
1354,0.0001,1.0,,
1355,1.25841,0.8,,
1356,0.33657,0.81818,,
1357,0.50019,0.84615,,
1358,0.32159,0.9,,
1359,0.64282,0.8,,
1360,0.61131,0.875,,
1361,0.29266,0.92857,,
1362,0.00015,1.0,,
1363,0.22026,0.875,,
1364,0.30258,0.8,,
1365,0.04281,1.0,,
1366,0.16872,0.95238,,
1367,0.23238,0.92857,,
1368,0.27023,0.93103,,
1369,0.23664,0.85,,
1370,0.01293,1.0,,
1371,5e-05,1.0,,
1372,0.30244,0.90909,,
1373,0.66701,0.8,,
1374,9e-05,1.0,,
1375,0.67803,0.83333,,
1376,0.22601,0.85185,,
1377,2.35052,0.8,,
1378,0.35298,0.8,,
1379,0.36686,0.86364,,
1380,0.40777,0.82353,,
1381,0.19639,0.88889,,
1382,0.21434,0.92857,,
1383,0.30167,0.8,,
1384,0.22334,0.92857,,
1385,9e-05,1.0,,
1386,0.00021,1.0,,
1387,0.00821,1.0,,
1388,0.42814,0.88889,,
1389,0.22077,0.92308,,
1390,0.11524,1.0,,
1391,0.29168,0.875,,
1392,8e-05,1.0,,
1393,0.38159,0.86957,,
1394,0.2784,0.88889,,
1395,0.13603,1.0,,
1396,0.33922,0.91304,,
1397,0.35877,0.94118,,
1398,0.00026,1.0,,
1399,0.26771,0.93333,,
1400,0.77497,0.88889,0.63438,0.8125
1401,0.3347,0.85714,,
1402,0.01522,1.0,,
1403,0.16738,0.92593,,
1404,0.23185,0.91803,,
1405,0.01095,1.0,,
1406,0.00223,1.0,,
1407,0.78668,0.77778,,
1408,0.23068,0.91549,,
1409,2e-05,1.0,,
1410,0.36535,0.85,,
1411,0.46155,0.75,,
1412,0.24113,0.8913,,
1413,2e-05,1.0,,
1414,2e-05,1.0,,
1415,0.22576,0.90909,,
1416,0.00015,1.0,,
1417,0.00037,1.0,,
1418,0.11931,1.0,,
1419,0.2151,0.91803,,
1420,0.001,1.0,,
1421,0.382,0.89655,,
1422,0.63931,0.8,,
1423,0.3481,0.875,,
1424,0.41445,0.8,,
1425,0.00015,1.0,,
1426,0.31212,0.88,,
1427,0.30835,0.89474,,
1428,0.71282,0.8,,
1429,3e-05,1.0,,
1430,0.26161,0.8125,,
1431,3e-05,1.0,,
1432,0.52302,0.84615,,
1433,4e-05,1.0,,
1434,1.41358,0.8,,
1435,0.19212,0.97297,,
1436,0.18957,0.90323,,
1437,0.22914,0.91892,,
1438,0.33079,0.80952,,
1439,4e-05,1.0,,
1440,6e-05,1.0,,
1441,0.31466,0.96154,,
1442,1.15904,0.75,,
1443,0.31772,0.93939,,
1444,0.00018,1.0,,
1445,0.25671,0.91011,,
1446,0.39512,0.8125,,
1447,0.20968,0.92105,,
1448,0.00064,1.0,,
1449,0.2108,0.89362,,
1450,0.00066,1.0,,
1451,0.33413,0.82353,,
1452,0.92351,0.77778,,
1453,0.34244,0.89474,,
1454,0.50644,0.78947,,
1455,0.23239,0.88889,,
1456,0.00068,1.0,,
1457,0.40109,0.75,,
1458,0.50603,0.84211,,
1459,0.33003,0.875,,
1460,0.21849,0.92157,,
1461,0.0001,1.0,,
1462,0.41841,0.88889,,
1463,0.87495,0.8125,,
1464,0.00012,1.0,,
1465,1.82991,0.69231,,
1466,0.19624,0.88462,,
1467,0.00505,1.0,,
1468,0.27492,0.89362,,
1469,0.14394,0.93846,,
1470,0.22904,0.91304,,
1471,0.403,0.88889,,
1472,6e-05,1.0,,
1473,0.72375,0.875,,
1474,1.47605,0.8,,
1475,2.09256,0.75,,
1476,0.36536,0.85714,,
1477,0.03816,1.0,,
1478,0.08259,1.0,,
1479,1.29745,0.88889,,
1480,0.30487,0.86842,,
1481,0.54449,0.8,,
1482,0.3821,0.92308,,
1483,0.99413,0.6,,
1484,0.09009,1.0,,
1485,0.05934,1.0,,
1486,0.08941,1.0,,
1487,0.0055,1.0,,
1488,0.30936,0.88889,,
1489,0.36082,0.8,,
1490,0.76072,0.8,,
1491,0.2342,0.85714,,
1492,0.11456,0.88889,,
1493,0.47363,0.88889,,
1494,0.04631,1.0,,
1495,0.00042,1.0,,
1496,0.3872,0.77778,,
1497,0.28475,0.93333,,
1498,0.39741,0.84211,,
1499,0.3235,0.875,,
1500,0.44572,0.85714,0.33782,0.85
1501,0.11083,0.9375,,
1502,0.16219,0.93478,,
1503,0.0567,1.0,,
1504,0.00052,1.0,,
1505,0.34991,0.8125,,
1506,0.54889,0.76923,,
1507,0.0967,1.0,,
1508,0.18228,0.88889,,
1509,0.03671,1.0,,
1510,2.15095,0.8,,
1511,0.29408,0.82609,,
1512,0.30246,0.88,,
1513,0.30604,0.875,,
1514,0.29748,0.875,,
1515,0.55851,0.8,,
1516,0.00076,1.0,,
1517,0.0008,1.0,,
1518,0.00012,1.0,,
1519,0.36799,0.8,,
1520,0.90306,0.8,,
1521,0.38187,0.85714,,
1522,0.30765,0.92593,,
1523,0.00011,1.0,,
1524,0.24392,0.90625,,
1525,0.27203,0.88889,,
1526,0.73603,0.8,,
1527,0.12459,1.0,,
1528,0.17529,0.96491,,
1529,0.11663,0.88889,,
1530,0.47341,0.83333,,
1531,0.22205,0.91667,,
1532,0.34161,0.82609,,
1533,0.0079,1.0,,
1534,0.33205,0.88889,,
1535,0.42986,0.875,,
1536,0.46334,0.92593,,
1537,0.37023,0.85185,,
1538,0.00237,1.0,,
1539,0.12146,1.0,,
1540,0.12404,1.0,,
1541,0.32769,0.875,,
1542,0.2187,0.88889,,
1543,0.26908,0.89583,,
1544,0.22932,0.88,,
1545,0.39779,0.87179,,
1546,0.28443,0.875,,
1547,0.40034,0.85,,
1548,0.30289,0.91667,,
1549,0.31017,0.85714,,
1550,0.54198,0.75,,
1551,0.4117,0.8125,,
1552,0.43621,0.80769,,
1553,0.00021,1.0,,
1554,0.21712,0.94737,,
1555,0.35931,0.78947,,
1556,0.43141,0.83333,,
1557,0.1688,1.0,,
1558,0.11115,1.0,,
1559,0.00052,1.0,,
1560,0.00068,1.0,,
1561,0.0006,1.0,,
1562,0.2942,0.83333,,
1563,0.82211,0.8,,
1564,0.44112,0.83333,,
1565,0.28427,0.92308,,
1566,0.42998,0.88889,,
1567,0.22933,0.88235,,
1568,0.28794,0.83333,,
1569,0.07929,1.0,,
1570,0.00317,1.0,,
1571,0.1495,0.925,,
1572,0.18489,0.84615,,
1573,0.08287,1.0,,
1574,1.12646,0.875,,
1575,0.22865,0.90909,,
1576,1.0282,0.85714,,
1577,0.24976,0.90625,,
1578,0.63932,0.86207,,
1579,0.28452,0.85714,,
1580,0.0003,1.0,,
1581,0.72564,0.875,,
1582,0.00016,1.0,,
1583,0.06658,1.0,,
1584,0.00055,1.0,,
1585,0.23676,0.9375,,
1586,0.94642,0.8,,
1587,0.19144,1.0,,
1588,0.49367,0.79167,,
1589,0.30021,0.9,,
1590,0.23424,0.9,,
1591,0.20111,0.875,,
1592,0.29824,0.88571,,
1593,0.24612,0.91176,,
1594,0.63818,0.875,,
1595,0.28344,0.91429,,
1596,0.15756,0.91837,,
1597,0.18158,0.9375,,
1598,0.17099,0.95652,,
1599,0.33074,0.88889,,
1600,5e-05,1.0,0.25967,0.88889
1601,0.27309,0.93333,,
1602,6e-05,1.0,,
1603,0.1687,0.9375,,
1604,0.16932,0.94872,,
1605,0.52063,0.875,,
1606,0.12795,1.0,,
1607,0.20692,0.88889,,
1608,2e-05,1.0,,
1609,2e-05,1.0,,
1610,0.22936,0.91429,,
1611,1e-05,1.0,,
1612,0.29371,0.85185,,
1613,0.10023,0.88889,,
1614,0.1592,0.94118,,
1615,0.3184,0.85714,,
1616,3.58807,0.75,,
1617,0.00071,1.0,,
1618,0.23847,0.88235,,
1619,2e-05,1.0,,
1620,0.21444,0.91667,,
1621,1.80437,0.8,,
1622,0.10863,1.0,,
1623,0.2462,0.94595,,
1624,0.21301,0.92857,,
1625,0.49414,0.75,,
1626,0.08404,1.0,,
1627,0.93756,0.8,,
1628,0.23258,0.94118,,
1629,3e-05,1.0,,
1630,0.20311,0.9434,,
1631,0.22706,0.77778,,
1632,0.00113,1.0,,
1633,0.22073,1.0,,
1634,0.79238,0.8,,
1635,0.00098,1.0,,
1636,0.6363,0.875,,
1637,0.1237,0.95,,
1638,0.34277,0.87755,,
1639,0.44969,0.84211,,
1640,0.41788,0.83333,,
1641,0.00245,1.0,,
1642,0.18636,0.875,,
1643,0.20201,0.91667,,
1644,0.252,0.93333,,
1645,0.16025,0.88889,,
1646,0.20646,0.91667,,
1647,0.00038,1.0,,
1648,0.56097,0.83333,,
1649,0.35593,0.77778,,
1650,0.25163,0.88889,,
1651,7e-05,1.0,,
1652,5e-05,1.0,,
1653,0.59123,0.87097,,
1654,0.49036,0.8,,
1655,5e-05,1.0,,
1656,0.00018,1.0,,
1657,0.13848,0.88889,,
1658,0.30053,0.9375,,
1659,6e-05,1.0,,
1660,0.37383,0.88235,,
1661,1.13892,0.8,,
1662,0.00017,1.0,,
1663,0.00018,1.0,,
1664,7e-05,1.0,,
1665,0.36958,0.75,,
1666,0.28113,0.875,,
1667,0.00012,1.0,,
1668,0.83948,0.8,,
1669,0.00011,1.0,,
1670,0.20717,0.91429,,
1671,0.00018,1.0,,
1672,0.06303,1.0,,
1673,4e-05,1.0,,
1674,0.16527,0.92308,,
1675,0.35762,0.875,,
1676,0.14715,0.86957,,
1677,3e-05,1.0,,
1678,4e-05,1.0,,
1679,0.06613,1.0,,
1680,5e-05,1.0,,
1681,3e-05,1.0,,
1682,0.24333,0.93939,,
1683,0.42404,0.83333,,
1684,0.26371,0.84615,,
1685,0.00116,1.0,,
1686,0.19201,0.9375,,
1687,0.73457,0.875,,
1688,1.61063,0.8,,
1689,0.08328,1.0,,
1690,2e-05,1.0,,
1691,1.33244,0.88889,,
1692,0.56062,0.8,,
1693,4e-05,1.0,,
1694,0.27073,0.8,,
1695,0.58603,0.8,,
1696,4e-05,1.0,,
1697,0.20959,0.92308,,
1698,0.23057,0.89474,,
1699,0.17503,0.93333,,
1700,0.70907,0.83333,0.49151,0.75
1701,0.2629,0.88889,,
1702,0.21945,0.9375,,
1703,7e-05,1.0,,
1704,0.22744,0.88889,,
1705,0.00015,1.0,,
1706,8e-05,1.0,,
1707,0.43286,0.91429,,
1708,0.37129,0.82609,,
1709,0.43385,0.88889,,
1710,0.16144,0.95,,
1711,0.96465,0.84615,,
1712,0.13322,1.0,,
1713,0.93245,0.88889,,
1714,0.22372,0.88889,,
1715,0.00029,1.0,,
1716,0.14835,0.875,,
1717,0.00102,1.0,,
1718,0.17613,0.92308,,
1719,1.23844,0.875,,
1720,0.52721,0.83333,,
1721,0.13739,0.96,,
1722,0.1942,0.9,,
1723,0.5941,0.77778,,
1724,0.96862,0.875,,
1725,9e-05,1.0,,
1726,0.15683,0.93333,,
1727,8e-05,1.0,,
1728,1.09078,0.875,,
1729,9e-05,1.0,,
1730,0.7084,0.8,,
1731,1.47815,0.8,,
1732,0.51787,0.8,,
1733,0.1624,0.93651,,
1734,0.42874,0.8,,
1735,0.242,0.9,,
1736,0.37197,0.85714,,
1737,0.19788,0.85714,,
1738,1.4966,0.77778,,
1739,0.00031,1.0,,
1740,0.56634,0.75,,
1741,0.10364,1.0,,
1742,0.2847,0.88889,,
1743,0.38795,0.75,,
1744,0.00076,1.0,,
1745,0.02046,1.0,,
1746,0.90386,0.6,,
1747,0.14349,0.96429,,
1748,5e-05,1.0,,
1749,0.81278,0.875,,
1750,0.15757,0.97368,,
1751,0.0006,1.0,,
1752,0.11945,1.0,,
1753,0.42194,0.82143,,
1754,0.01908,1.0,,
1755,0.21064,0.92647,,
1756,0.26488,0.91176,,
1757,0.38056,0.88235,,
1758,0.38052,0.85294,,
1759,0.27055,0.875,,
1760,9e-05,1.0,,
1761,0.33389,0.91667,,
1762,9e-05,1.0,,
1763,0.43005,0.91176,,
1764,0.16441,0.95652,,
1765,1.2444,0.66667,,
1766,0.61477,0.8,,
1767,0.02575,1.0,,
1768,0.00237,1.0,,
1769,0.08949,1.0,,
1770,0.07983,1.0,,
1771,0.50212,0.8,,
1772,0.32841,0.92857,,
1773,0.03587,1.0,,
1774,5e-05,1.0,,
1775,0.54114,0.875,,
1776,0.0001,1.0,,
1777,0.22426,0.9,,
1778,0.1662,1.0,,
1779,0.38153,0.875,,
1780,6e-05,1.0,,
1781,0.27951,0.84615,,
1782,0.00227,1.0,,
1783,7e-05,1.0,,
1784,8e-05,1.0,,
1785,6e-05,1.0,,
1786,0.41673,0.875,,
1787,0.21793,0.86667,,
1788,0.53744,0.86957,,
1789,0.90606,0.83333,,
1790,0.34462,0.91667,,
1791,3e-05,1.0,,
1792,2e-05,1.0,,
1793,0.43964,0.8125,,
1794,0.42113,0.8,,
1795,0.22312,0.92308,,
1796,1.13397,0.875,,
1797,0.42119,0.83333,,
1798,0.2734,0.875,,
1799,0.19954,1.0,,
1800,5e-05,1.0,3e-05,1.0
1801,0.81142,0.8,,
1802,0.03905,1.0,,
1803,0.57378,0.875,,
1804,0.35077,0.86111,,
1805,0.31065,0.77778,,
1806,0.21752,0.90476,,
1807,0.31652,0.91892,,
1808,0.65631,0.77778,,
1809,0.0175,1.0,,
1810,4e-05,1.0,,
1811,0.12547,1.0,,
1812,0.29456,0.85714,,
1813,0.35737,0.8,,
1814,1.0808,0.88889,,
1815,0.43566,0.76471,,
1816,0.22196,0.88889,,
1817,0.0001,1.0,,
1818,1.14889,0.81818,,
1819,0.11434,0.95,,
1820,0.34268,0.94737,,
1821,0.00043,1.0,,
1822,1.85624,0.5,,
1823,0.12397,1.0,,
1824,0.00045,1.0,,
1825,0.31859,0.8,,
1826,0.33144,0.90909,,
1827,0.5446,0.79167,,
1828,4e-05,1.0,,
1829,0.89187,0.75,,
1830,0.21055,0.875,,
1831,0.5036,0.8,,
1832,0.24104,0.88571,,
1833,0.33304,0.77778,,
1834,1.05532,0.8,,
1835,0.26903,0.8,,
1836,0.19682,0.88889,,
1837,0.20908,0.88235,,
1838,0.52248,0.88889,,
1839,0.28345,0.88889,,
1840,0.18456,0.91837,,
1841,0.0758,1.0,,
1842,0.29068,0.92308,,
1843,0.37943,0.88889,,
1844,0.42684,0.83871,,
1845,6e-05,1.0,,
1846,0.45261,0.8,,
1847,2e-05,1.0,,
1848,0.15765,0.94872,,
1849,0.59837,0.8125,,
1850,0.35888,0.88571,,
1851,0.25469,0.93023,,
1852,5e-05,1.0,,
1853,4e-05,1.0,,
1854,3e-05,1.0,,
1855,0.27279,0.875,,
1856,3e-05,1.0,,
1857,0.27151,1.0,,
1858,0.58367,0.78947,,
1859,0.19853,0.95588,,
1860,0.01684,1.0,,
1861,0.26171,0.8,,
1862,0.2052,0.875,,
1863,0.10543,1.0,,
1864,3e-05,1.0,,
1865,0.36682,0.9,,
1866,0.76167,0.84211,,
1867,3e-05,1.0,,
1868,0.01518,1.0,,
1869,0.54939,0.84615,,
1870,0.35246,0.75,,
1871,0.00019,1.0,,
1872,0.28438,0.92308,,
1873,0.3804,0.84,,
1874,0.08548,1.0,,
1875,0.29986,0.92593,,
1876,0.6788,0.7,,
1877,0.00135,1.0,,
1878,0.26641,0.91667,,
1879,0.11742,1.0,,
1880,0.24047,0.875,,
1881,0.31489,0.875,,
1882,0.67663,0.875,,
1883,0.23921,0.875,,
1884,0.32525,0.77778,,
1885,0.00883,1.0,,
1886,0.23618,0.92857,,
1887,5e-05,1.0,,
1888,4e-05,1.0,,
1889,0.07809,0.9375,,
1890,0.27012,1.0,,
1891,1.39291,0.76923,,
1892,0.16959,0.95652,,
1893,0.9127,0.75,,
1894,0.12828,1.0,,
1895,0.82593,0.8,,
1896,0.32894,0.85,,
1897,2e-05,1.0,,
1898,0.00233,1.0,,
1899,0.44213,0.8,,
1900,0.03116,1.0,0.6367,0.72727
1901,0.27177,0.88889,,
1902,0.36267,0.92308,,
1903,0.23734,0.92683,,
1904,0.20577,0.875,,
1905,0.24609,0.875,,
1906,0.16454,0.94872,,
1907,3e-05,1.0,,
1908,0.13152,0.96429,,
1909,0.0651,1.0,,
1910,0.39926,0.89286,,
1911,0.14103,0.94118,,
1912,0.28802,0.91667,,
1913,0.14385,0.95,,
1914,0.3004,0.84444,,
1915,5e-05,1.0,,
1916,0.12409,1.0,,
1917,0.48259,0.86364,,
1918,0.00013,1.0,,
1919,1e-05,1.0,,
1920,1e-05,1.0,,
1921,0.60075,0.85714,,
1922,0.71867,0.83333,,
1923,1e-05,1.0,,
1924,0.04627,1.0,,
1925,0.16407,1.0,,
1926,0.25644,0.875,,
1927,1.03395,0.88889,,
1928,0.17793,1.0,,
1929,0.57764,0.75,,
1930,1e-05,1.0,,
1931,0.27889,0.88889,,
1932,0.36253,0.90909,,
1933,0.06033,1.0,,
1934,0.24119,0.95833,,
1935,3e-05,1.0,,
1936,1e-05,1.0,,
1937,0.34868,0.88462,,
1938,0.38261,0.91667,,
1939,0.7986,0.92308,,
1940,0.45049,0.8,,
1941,0.27406,0.88889,,
1942,0.35745,0.875,,
1943,0.14043,1.0,,
1944,1.39261,0.875,,
1945,0.37923,0.92308,,
1946,1e-05,1.0,,
1947,1e-05,1.0,,
1948,0.49143,0.79167,,
1949,0.97028,0.875,,
1950,0.24147,0.9697,,
1951,0.16504,0.92308,,
1952,0.36877,0.8,,
1953,0.31668,0.9,,
1954,0.00111,1.0,,
1955,0.66745,0.66667,,
1956,0.53772,0.82759,,
1957,0.36937,0.83333,,
1958,2e-05,1.0,,
1959,0.27737,0.8913,,
1960,2e-05,1.0,,
1961,0.24078,0.88235,,
1962,0.30173,0.92308,,
1963,0.75171,0.83333,,
1964,0.33064,0.9375,,
1965,0.14514,1.0,,
1966,0.39478,0.86667,,
1967,0.19179,0.91892,,
1968,0.45444,0.92308,,
1969,4e-05,1.0,,
1970,0.58463,0.85714,,
1971,0.32692,0.77778,,
1972,0.6905,0.84615,,
1973,0.24611,0.9375,,
1974,0.25765,0.875,,
1975,9e-05,1.0,,
1976,0.43822,0.87179,,
1977,0.33928,0.875,,
1978,0.32634,0.92,,
1979,4e-05,1.0,,
1980,0.49947,0.83333,,
1981,0.17872,0.92308,,
1982,0.00086,1.0,,
1983,0.49034,0.66667,,
1984,0.91409,0.88889,,
1985,0.18602,0.88889,,
1986,0.48896,0.93333,,
1987,0.20713,1.0,,
1988,0.35864,0.8,,
1989,2.22593,0.8,,
1990,0.6451,0.79167,,
1991,0.15181,0.91667,,
1992,0.38238,0.8,,
1993,7e-05,1.0,,
1994,0.33573,0.88889,,
1995,0.00505,1.0,,
1996,0.17024,0.92453,,
1997,0.99538,0.75,,
1998,0.07095,1.0,,
1999,0.04592,1.0,,
2000,0.12425,1.0,0.22785,0.8
2001,0.2264,0.92,,
2002,0.09489,1.0,,
2003,0.22231,0.925,,
2004,0.36234,0.90323,,
2005,0.34237,0.8,,
2006,0.21252,0.8,,
2007,1.04447,0.6,,
2008,0.09642,1.0,,
2009,0.57569,0.75,,
2010,0.00017,1.0,,
2011,0.28122,0.8,,
2012,1.17899,0.75,,
2013,0.20431,0.93333,,
2014,0.19742,0.88889,,
2015,0.233,0.93333,,
2016,0.19477,0.9375,,
2017,0.13965,0.93333,,
2018,1.0163,0.875,,
2019,0.28628,0.88889,,
2020,0.37538,0.88889,,
2021,0.05494,1.0,,
2022,0.24009,0.875,,
2023,7e-05,1.0,,
2024,0.00017,1.0,,
2025,0.10109,1.0,,
2026,1.47165,0.75,,
2027,7e-05,1.0,,
2028,1.38512,0.8,,
2029,9e-05,1.0,,
2030,0.00571,1.0,,
2031,0.34938,0.8,,
2032,0.08667,1.0,,
2033,0.25473,0.84615,,
2034,0.58685,0.8,,
2035,0.35777,0.8125,,
2036,0.27647,0.84615,,
2037,0.3881,0.86667,,
2038,0.24214,0.88889,,
2039,0.27768,0.89286,,
2040,2.57525,0.8,,
2041,0.21743,0.90476,,
2042,2e-05,1.0,,
2043,0.43057,0.84615,,
2044,0.6585,0.88889,,
2045,0.1887,0.9697,,
2046,3e-05,1.0,,
2047,0.41905,0.86667,,
2048,0.09504,1.0,,
2049,0.08464,1.0,,
2050,0.36989,0.875,,
2051,0.03929,1.0,,
2052,0.63739,0.83333,,
2053,5e-05,1.0,,
2054,0.15168,0.875,,
2055,0.26534,0.84615,,
2056,0.22507,0.90909,,
2057,8e-05,1.0,,
2058,0.31483,0.91892,,
2059,0.21621,0.91892,,
2060,0.12069,0.88889,,
2061,0.00489,1.0,,
2062,0.23336,0.84615,,
2063,9e-05,1.0,,
2064,0.79153,0.875,,
2065,1.29198,0.6,,
2066,0.2426,0.8,,
2067,0.12567,1.0,,
2068,0.27988,0.94737,,
2069,0.00023,1.0,,
2070,0.16199,0.95652,,
2071,0.3831,0.88889,,
2072,0.41666,0.875,,
2073,0.18211,0.94737,,
2074,0.1792,0.88889,,
2075,0.26316,0.875,,
2076,0.00021,1.0,,
2077,0.00019,1.0,,
2078,0.06596,1.0,,
2079,0.00099,1.0,,
2080,7e-05,1.0,,
2081,0.39068,0.8125,,
2082,0.00077,1.0,,
2083,0.00036,1.0,,
2084,0.00011,1.0,,
2085,0.5933,0.8,,
2086,1.53263,0.8,,
2087,1.19546,0.8,,
2088,0.43399,0.88889,,
2089,7e-05,1.0,,
2090,0.51669,0.8125,,
2091,0.47786,0.88,,
2092,0.45452,0.83784,,
2093,0.70849,0.8,,
2094,1.28347,0.875,,
2095,5e-05,1.0,,
2096,0.14374,0.88889,,
2097,0.27448,0.88889,,
2098,0.09372,0.94118,,
2099,0.47214,0.84615,,
2100,0.20063,0.9375,1.51935,0.6
2101,0.02978,1.0,,
2102,5e-05,1.0,,
2103,0.39296,0.91667,,
2104,0.05596,1.0,,
2105,0.14582,0.92308,,
2106,0.2623,0.88889,,
2107,0.0001,1.0,,
2108,0.04388,1.0,,
2109,0.0005,1.0,,
2110,0.41235,0.8,,
2111,0.47979,0.88889,,
2112,4e-05,1.0,,
2113,3e-05,1.0,,
2114,0.252,0.90476,,
2115,0.29412,0.91667,,
2116,0.21265,0.91176,,
2117,0.12822,0.9,,
2118,0.22355,0.9375,,
2119,0.00011,1.0,,
2120,0.33935,0.875,,
2121,0.38858,0.8,,
2122,0.30771,0.91429,,
2123,0.38598,0.92593,,
2124,0.25622,0.87097,,
2125,0.28004,0.88889,,
2126,0.6101,0.6,,
2127,0.00815,1.0,,
2128,0.3024,0.88889,,
2129,0.23317,0.92405,,
2130,0.06162,1.0,,
2131,0.07615,1.0,,
2132,0.15267,0.88889,,
2133,0.14927,0.875,,
2134,0.27809,0.92308,,
2135,0.16179,0.95652,,
2136,0.29301,1.0,,
2137,0.21144,0.91667,,
2138,6e-05,1.0,,
2139,6e-05,1.0,,
2140,0.14082,1.0,,
2141,0.25189,0.90909,,
2142,0.25959,0.92857,,
2143,0.16306,0.94118,,
2144,0.48093,0.875,,
2145,4e-05,1.0,,
2146,0.2934,0.89744,,
2147,0.45084,0.77778,,
2148,0.80493,0.875,,
2149,0.20221,0.875,,
2150,0.0007,1.0,,
2151,0.22561,0.93023,,
2152,0.05648,1.0,,
2153,1.30604,0.8,,
2154,0.00026,1.0,,
2155,0.48242,0.8,,
2156,0.00086,1.0,,
2157,0.11594,0.88889,,
2158,0.22526,0.875,,
2159,5e-05,1.0,,
2160,0.11722,1.0,,
2161,0.17369,0.94118,,
2162,1.04281,0.875,,
2163,0.35992,0.88889,,
2164,0.24583,0.92857,,
2165,0.03006,1.0,,
2166,0.3325,0.86842,,
2167,0.41626,0.8125,,
2168,0.0002,1.0,,
2169,0.14251,0.95238,,
2170,0.00078,1.0,,
2171,0.12847,0.95238,,
2172,0.18538,0.875,,
2173,0.0001,1.0,,
2174,0.40585,0.93333,,
2175,1.15262,0.8,,
2176,4e-05,1.0,,
2177,0.28082,0.875,,
2178,0.15594,0.94286,,
2179,0.59543,0.875,,
2180,8e-05,1.0,,
2181,0.0002,1.0,,
2182,0.30334,0.90909,,
2183,0.241,0.875,,
2184,0.23763,0.8,,
2185,5e-05,1.0,,
2186,0.0001,1.0,,
2187,0.00019,1.0,,
2188,0.0054,1.0,,
2189,0.57204,0.78571,,
2190,0.22579,0.89474,,
2191,0.06595,1.0,,
2192,0.00058,1.0,,
2193,0.4764,0.8,,
2194,0.4591,0.875,,
2195,0.71097,0.83333,,
2196,0.08439,1.0,,
2197,0.46605,0.88525,,
2198,0.00013,1.0,,
2199,0.05173,1.0,,
2200,0.22949,0.84615,0.00878,1.0
2201,0.00067,1.0,,
2202,0.00022,1.0,,
2203,0.04471,1.0,,
2204,0.82045,0.8,,
2205,6e-05,1.0,,
2206,9e-05,1.0,,
2207,0.24595,0.875,,
2208,0.13781,0.9375,,
2209,0.0001,1.0,,
2210,0.50337,0.875,,
2211,0.18975,0.94366,,
2212,0.13513,0.875,,
2213,0.81821,0.66667,,
2214,0.1629,1.0,,
2215,7e-05,1.0,,
2216,1.6008,0.8,,
2217,0.54041,0.78261,,
2218,0.21414,0.88889,,
2219,0.19428,0.91667,,
2220,0.5661,0.84211,,
2221,0.40279,0.8,,
2222,0.18951,0.88889,,
2223,1.10474,0.7,,
2224,4e-05,1.0,,
2225,0.22736,1.0,,
2226,2.17347,0.75,,
2227,0.33878,0.84615,,
2228,0.1881,0.94667,,
2229,0.72396,0.88889,,
2230,0.23333,0.91304,,
2231,8e-05,1.0,,
2232,7e-05,1.0,,
2233,9e-05,1.0,,
2234,0.63126,0.77778,,
2235,0.00011,1.0,,
2236,0.19369,0.92982,,
2237,0.38798,0.875,,
2238,0.22947,0.88889,,
2239,0.58079,0.875,,
2240,0.21346,0.88571,,
2241,0.30542,0.89286,,
2242,0.06718,1.0,,
2243,0.28882,0.8,,
2244,8e-05,1.0,,
2245,0.14599,0.9375,,
2246,0.25802,0.90909,,
2247,0.19594,1.0,,
2248,0.481,0.8,,
2249,0.20501,0.93333,,
2250,4e-05,1.0,,
2251,6e-05,1.0,,
2252,0.46647,0.875,,
2253,6e-05,1.0,,
2254,1.14869,0.875,,
2255,0.53518,0.75,,
2256,0.25054,0.86667,,
2257,0.7565,0.75,,
2258,0.00074,1.0,,
2259,0.43915,0.83333,,
2260,0.59021,0.875,,
2261,0.33369,0.88235,,
2262,0.2281,0.88889,,
2263,0.62538,0.78947,,
2264,0.00019,1.0,,
2265,0.14239,1.0,,
2266,0.86865,0.6875,,
2267,0.09905,1.0,,
2268,0.19369,0.9,,
2269,0.60235,0.91667,,
2270,0.2701,0.90909,,
2271,0.00015,1.0,,
2272,0.18993,0.92308,,
2273,0.23858,0.92308,,
2274,0.27309,0.95652,,
2275,0.37791,0.8,,
2276,9e-05,1.0,,
2277,0.19086,0.88889,,
2278,0.00044,1.0,,
2279,0.0003,1.0,,
2280,0.00026,1.0,,
2281,0.18628,0.88571,,
2282,0.31531,0.89474,,
2283,0.42648,0.82353,,
2284,0.67769,0.75,,
2285,0.69886,0.78947,,
2286,0.53611,0.875,,
2287,0.03269,1.0,,
2288,0.00012,1.0,,
2289,0.378,0.8125,,
2290,0.00012,1.0,,
2291,0.37161,0.8125,,
2292,0.17637,0.90323,,
2293,0.26107,0.90698,,
2294,0.57959,0.88889,,
2295,0.49998,0.8,,
2296,6e-05,1.0,,
2297,0.2616,0.89744,,
2298,1.93003,0.75,,
2299,0.15699,0.95238,,
2300,0.39064,0.9,0.57269,0.84615
2301,0.03841,1.0,,
2302,8e-05,1.0,,
2303,0.44933,0.84211,,
2304,7e-05,1.0,,
2305,0.17568,0.77778,,
2306,0.06225,1.0,,
2307,0.31312,0.9,,
2308,0.4012,0.875,,
2309,0.33723,0.8,,
2310,0.00011,1.0,,
2311,0.00011,1.0,,
2312,0.05172,1.0,,
2313,0.40958,0.85,,
2314,0.00062,1.0,,
2315,0.85528,0.8,,
2316,0.46036,0.89474,,
2317,0.15124,0.93023,,
2318,0.15662,1.0,,
2319,0.08562,1.0,,
2320,0.61946,0.86667,,
2321,0.13502,0.95833,,
2322,0.31468,0.83333,,
2323,6e-05,1.0,,
2324,0.13949,0.95122,,
2325,0.16121,0.93617,,
2326,8e-05,1.0,,
2327,9e-05,1.0,,
2328,0.11194,1.0,,
2329,7e-05,1.0,,
2330,0.15199,0.92308,,
2331,1.9396,0.75,,
2332,0.64625,0.8,,
2333,0.41015,0.85714,,
2334,0.23083,0.88889,,
2335,0.814,0.8,,
2336,0.63222,0.78947,,
