Time,Step,Training loss,Validation loss,Full Validation loss
22:41:02,1167,0.9465,-,-
22:40:59,1166,1.0825,-,-
22:40:59,1165,1.4970,-,-
22:40:59,1164,1.4396,-,-
22:40:58,1163,1.3971,-,-
22:40:54,1162,0.7712,-,-
22:40:54,1161,0.9157,-,-
22:40:53,1160,1.2959,-,-
22:40:53,1159,0.8012,-,-
22:40:50,1158,0.0002,-,-
22:40:50,1157,0.8411,-,-
22:40:50,1156,1.1819,-,-
22:40:48,1155,0.0001,-,-
22:40:45,1154,0.0000,-,-
22:40:45,1153,1.3134,-,-
22:40:45,1152,0.0001,-,-
22:40:45,1151,1.3169,-,-
22:40:44,1150,1.1226,-,-
22:40:40,1149,1.2357,-,-
22:40:40,1148,0.0009,-,-
22:40:40,1147,1.0028,-,-
22:40:40,1146,0.0019,-,-
22:40:40,1145,1.3878,-,-
22:40:39,1144,1.0817,-,-
22:40:34,1143,1.2412,-,-
22:40:34,1142,1.5424,-,-
22:40:34,1141,1.2422,-,-
22:40:32,1140,0.0012,-,-
22:40:29,1139,1.3918,-,-
22:40:29,1138,0.0001,-,-
22:40:29,1137,1.6241,-,-
22:40:29,1136,1.5307,-,-
22:40:25,1135,0.7073,-,-
22:40:25,1134,0.9251,-,-
22:40:25,1133,1.3804,-,-
22:40:24,1132,1.0441,-,-
22:40:21,1131,0.0024,-,-
22:40:19,1130,1.3464,-,-
22:40:19,1129,1.4309,-,-
22:40:19,1128,1.4659,-,-
22:40:16,1127,1.2772,-,-
22:40:16,1126,1.6549,-,-
22:40:16,1125,0.0006,-,-
22:40:15,1124,0.0000,-,-
22:40:11,1123,1.3571,-,-
22:40:11,1122,0.9763,-,-
22:40:11,1121,1.2309,-,-
22:40:10,1120,0.7630,-,-
22:40:10,1119,0.0006,-,-
22:40:07,1118,0.3299,-,-
22:40:07,1117,1.3015,-,-
22:40:07,1116,1.2115,-,-
22:40:07,1115,1.2667,-,-
22:40:07,1114,0.9656,-,-
22:40:06,1113,1.3461,-,-
22:40:01,1112,1.5993,-,-
22:40:01,1111,0.0022,-,-
22:40:00,1110,0.9783,-,-
22:39:58,1109,1.3322,-,-
22:39:55,1108,0.0001,-,-
22:39:55,1107,1.0166,-,-
22:39:55,1106,1.6893,-,-
22:39:55,1105,0.0366,-,-
22:39:52,1104,0.7805,-,-
22:39:52,1103,1.1839,-,-
22:39:52,1102,0.9766,-,-
22:39:50,1101,0.4681,-,-
22:39:46,1100,0.0001,1.2839,-
22:39:46,1099,1.0315,-,-
22:39:46,1098,0.0020,-,-
22:39:46,1097,0.7630,-,-
22:39:42,1096,0.0042,-,-
22:39:42,1095,1.5328,-,-
22:39:42,1094,1.2051,-,-
22:39:41,1093,1.1141,-,-
22:39:38,1092,1.0214,-,-
22:39:38,1091,1.4186,-,-
22:39:37,1090,1.1987,-,-
22:39:37,1089,0.0008,-,-
22:39:33,1088,0.5483,-,-
22:39:33,1087,0.0125,-,-
22:39:33,1086,1.2655,-,-
22:39:33,1085,1.0140,-,-
22:39:33,1084,0.1324,-,-
22:39:33,1083,1.2832,-,-
22:39:32,1082,0.0243,-,-
22:39:27,1081,1.1018,-,-
22:39:26,1080,0.0043,-,-
22:39:25,1079,0.3123,-,-
22:39:21,1078,0.3129,-,-
22:39:21,1077,1.2251,-,-
22:39:21,1076,0.8071,-,-
22:39:21,1075,0.6164,-,-
22:39:21,1074,0.9010,-,-
22:39:21,1073,1.8074,-,-
22:39:18,1072,0.6441,-,-
22:39:18,1071,1.3237,-,-
22:39:16,1070,0.0009,-,-
22:39:12,1069,1.9096,-,-
22:39:12,1068,1.1098,-,-
22:39:12,1067,1.3248,-,-
22:39:12,1066,1.7033,-,-
22:39:09,1065,0.8885,-,-
22:39:09,1064,0.7953,-,-
22:39:09,1063,1.0965,-,-
22:39:08,1062,1.2742,-,-
22:39:04,1061,0.0038,-,-
22:39:03,1060,0.9486,-,-
22:39:03,1059,1.2871,-,-
22:39:03,1058,0.0215,-,-
22:39:00,1057,1.0929,-,-
22:39:00,1056,0.0025,-,-
22:39:00,1055,0.9366,-,-
22:39:00,1054,2.0640,-,-
22:39:00,1053,0.1363,-,-
22:39:00,1052,1.0238,-,-
22:38:59,1051,1.2237,-,-
22:38:52,1050,0.8252,-,-
22:38:52,1049,0.7790,-,-
22:38:51,1048,1.5287,-,-
22:38:48,1047,0.9858,-,-
22:38:48,1046,0.3772,-,-
22:38:48,1045,1.3864,-,-
22:38:48,1044,0.0141,-,-
22:38:48,1043,0.8965,-,-
22:38:44,1042,0.9580,-,-
22:38:44,1041,0.1009,-,-
22:38:43,1040,1.4281,-,-
22:38:42,1039,0.8131,-,-
22:38:39,1038,0.0209,-,-
22:38:39,1037,1.9883,-,-
22:38:39,1036,0.6384,-,-
22:38:39,1035,0.8533,-,-
22:38:35,1034,1.4009,-,-
22:38:35,1033,1.2518,-,-
22:38:35,1032,1.0622,-,-
22:38:34,1031,1.2863,-,-
22:38:30,1030,0.0026,-,-
22:38:30,1029,1.4612,-,-
22:38:30,1028,1.0457,-,-
22:38:30,1027,1.2021,-,-
22:38:30,1026,0.6640,-,-
22:38:26,1025,1.0332,-,-
22:38:26,1024,1.1572,-,-
22:38:26,1023,1.2964,-,-
22:38:26,1022,1.3157,-,-
22:38:26,1021,0.8137,-,-
22:38:24,1020,1.3083,-,-
22:38:19,1019,0.6584,-,-
22:38:19,1018,0.9140,-,-
22:38:18,1017,0.4759,-,-
22:38:14,1016,1.2706,-,-
22:38:14,1015,0.7628,-,-
22:38:14,1014,0.0769,-,-
22:38:14,1013,1.3077,-,-
22:38:14,1012,1.4920,-,-
22:38:11,1011,0.1733,-,-
22:38:10,1010,0.8036,-,-
22:38:09,1009,0.6958,-,-
22:38:05,1008,1.1743,-,-
22:38:05,1007,0.8558,-,-
22:38:05,1006,0.6417,-,-
22:38:05,1005,0.7809,-,-
22:38:05,1004,0.0128,-,-
22:38:02,1003,1.5116,-,-
22:38:02,1002,1.4148,-,-
22:38:02,1001,1.0032,-,-
22:38:00,1000,1.1238,0.1829,-
22:37:56,999,1.0187,-,-
22:37:56,998,0.9769,-,-
22:37:56,997,1.0873,-,-
22:37:56,996,0.0024,-,-
22:37:56,995,1.0351,-,-
22:37:53,994,1.4888,-,-
22:37:53,993,0.8645,-,-
22:37:53,992,1.4365,-,-
22:37:53,991,1.4242,-,-
22:37:51,990,1.5703,-,-
22:37:45,989,1.5127,-,-
22:37:45,988,1.1719,-,-
22:37:45,987,1.4978,-,-
22:37:44,986,1.3471,-,-
22:37:41,985,1.3341,-,-
22:37:41,984,0.0001,-,-
22:37:41,983,1.2446,-,-
22:37:41,982,0.0001,-,-
22:37:41,981,1.0403,-,-
22:37:36,980,1.3004,-,-
22:37:36,979,0.0977,-,-
22:37:35,978,1.3760,-,-
22:37:32,977,1.1397,-,-
22:37:32,976,0.0160,-,-
22:37:32,975,0.8274,-,-
22:37:32,974,0.0002,-,-
22:37:32,973,1.0305,-,-
22:37:28,972,0.0001,-,-
22:37:28,971,1.3263,-,-
22:37:26,970,1.1300,-,-
22:37:23,969,1.0532,-,-
22:37:23,968,0.9813,-,-
22:37:23,967,1.5034,-,-
22:37:23,966,1.2247,-,-
22:37:23,965,0.0001,-,-
22:37:23,964,1.2587,-,-
22:37:19,963,1.1345,-,-
22:37:19,962,1.9533,-,-
22:37:19,961,1.3022,-,-
22:37:18,960,0.0028,-,-
22:37:17,959,1.5383,-,-
22:37:12,958,1.4024,-,-
22:37:12,957,0.0055,-,-
22:37:12,956,0.0005,-,-
22:37:12,955,1.2724,-,-
22:37:12,954,1.2872,-,-
22:37:12,953,1.2874,-,-
22:37:11,952,0.0001,-,-
22:37:06,951,0.0064,-,-
22:37:04,950,0.0893,-,-
22:37:03,949,0.0075,-,-
22:37:00,948,0.0010,-,-
22:37:00,947,0.0400,-,-
22:37:00,946,1.4370,-,-
22:37:00,945,0.1006,-,-
22:37:00,944,0.7830,-,-
22:36:56,943,0.0007,-,-
22:36:56,942,0.0003,-,-
22:36:56,941,1.0607,-,-
22:36:54,940,1.0829,-,-
22:36:51,939,0.0134,-,-
22:36:51,938,1.4971,-,-
22:36:51,937,1.4024,-,-
22:36:51,936,1.0155,-,-
22:36:51,935,1.1903,-,-
22:36:47,934,1.1161,-,-
22:36:47,933,1.5045,-,-
22:36:47,932,0.1426,-,-
22:36:47,931,1.4483,-,-
22:36:46,930,0.0080,-,-
22:36:45,929,0.8954,-,-
22:36:40,928,1.0775,-,-
22:36:40,927,0.6866,-,-
22:36:39,926,1.0688,-,-
22:36:35,925,1.2817,-,-
22:36:35,924,1.3371,-,-
22:36:35,923,1.4294,-,-
22:36:35,922,1.1537,-,-
22:36:35,921,0.7579,-,-
22:36:31,920,1.4712,-,-
22:36:31,919,0.5702,-,-
22:36:30,918,1.0585,-,-
22:36:26,917,0.0000,-,-
22:36:26,916,0.4355,-,-
22:36:26,915,0.0000,-,-
22:36:26,914,1.2227,-,-
22:36:26,913,0.0180,-,-
22:36:23,912,0.9817,-,-
22:36:23,911,0.0680,-,-
22:36:22,910,0.9090,-,-
22:36:21,909,0.0000,-,-
22:36:17,908,1.4071,-,-
22:36:17,907,1.1782,-,-
22:36:17,906,1.4731,-,-
22:36:17,905,1.4049,-,-
22:36:17,904,0.0003,-,-
22:36:14,903,0.0000,-,-
22:36:14,902,1.3554,-,-
22:36:14,901,0.0026,-,-
22:36:13,900,1.1025,0.8244,-
22:36:12,899,0.9577,-,-
22:36:06,898,0.0001,-,-
22:36:06,897,0.0001,-,-
22:36:06,896,1.9323,-,-
22:36:05,895,0.3076,-,-
22:36:02,894,1.1839,-,-
22:36:02,893,1.4864,-,-
22:36:02,892,0.0003,-,-
22:36:02,891,0.0002,-,-
22:36:01,890,1.3613,-,-
22:35:57,889,1.1182,-,-
22:35:57,888,0.0614,-,-
22:35:56,887,1.0315,-,-
22:35:53,886,0.0002,-,-
22:35:53,885,0.0077,-,-
22:35:53,884,0.0002,-,-
22:35:53,883,0.7532,-,-
22:35:53,882,0.0002,-,-
22:35:49,881,0.0055,-,-
22:35:48,880,1.2697,-,-
22:35:47,879,0.0109,-,-
22:35:44,878,0.9672,-,-
22:35:44,877,1.1705,-,-
22:35:44,876,1.1626,-,-
22:35:44,875,1.6158,-,-
22:35:44,874,0.8313,-,-
22:35:40,873,0.1851,-,-
22:35:40,872,0.0084,-,-
22:35:40,871,0.9636,-,-
22:35:39,870,1.0200,-,-
22:35:39,869,1.5727,-,-
22:35:38,868,0.4358,-,-
22:35:33,867,0.1311,-,-
22:35:33,866,0.1984,-,-
22:35:33,865,0.4433,-,-
22:35:32,864,1.2205,-,-
22:35:28,863,0.7649,-,-
22:35:28,862,1.1417,-,-
22:35:28,861,0.5310,-,-
22:35:27,860,1.2451,-,-
22:35:24,859,1.8486,-,-
22:35:24,858,0.6259,-,-
22:35:24,857,1.3324,-,-
22:35:24,856,1.4135,-,-
22:35:22,855,1.1397,-,-
22:35:19,854,1.3711,-,-
22:35:19,853,1.1159,-,-
22:35:19,852,0.8008,-,-
22:35:19,851,1.2665,-,-
22:35:18,850,1.1318,-,-
22:35:14,849,0.0001,-,-
22:35:14,848,1.7970,-,-
22:35:12,847,0.0001,-,-
22:35:09,846,1.4462,-,-
22:35:09,845,2.5529,-,-
22:35:09,844,0.0001,-,-
22:35:09,843,0.9259,-,-
22:35:09,842,0.9152,-,-
22:35:05,841,0.0002,-,-
22:35:04,840,0.0019,-,-
22:35:04,839,1.3625,-,-
22:35:04,838,0.0241,-,-
22:35:04,837,1.2456,-,-
22:35:03,836,1.3889,-,-
22:34:58,835,1.6235,-,-
22:34:58,834,1.6354,-,-
22:34:58,833,0.0002,-,-
22:34:57,832,0.0188,-,-
22:34:54,831,0.0010,-,-
22:34:52,830,1.0731,-,-
22:34:52,829,0.8404,-,-
22:34:52,828,1.2398,-,-
22:34:49,827,0.0015,-,-
22:34:49,826,0.0723,-,-
22:34:49,825,1.3472,-,-
22:34:49,824,0.0730,-,-
22:34:48,823,1.3575,-,-
22:34:44,822,1.5232,-,-
22:34:44,821,0.8354,-,-
22:34:43,820,1.1312,-,-
22:34:43,819,0.1058,-,-
22:34:40,818,1.3967,-,-
22:34:39,817,1.6218,-,-
22:34:35,816,0.5855,-,-
22:34:35,815,0.7744,-,-
22:34:35,814,1.2605,-,-
22:34:35,813,1.6673,-,-
22:34:35,812,0.1744,-,-
22:34:35,811,0.3132,-,-
22:34:31,810,0.0001,-,-
22:34:31,809,0.0005,-,-
22:34:31,808,1.1119,-,-
22:34:31,807,1.0520,-,-
22:34:31,806,0.0000,-,-
22:34:31,805,1.4438,-,-
22:34:30,804,1.5149,-,-
22:34:24,803,0.0001,-,-
22:34:24,802,1.1058,-,-
22:34:24,801,0.2766,-,-
22:34:21,800,1.2167,1.3118,-
22:34:18,799,1.3667,-,-
22:34:18,798,1.3296,-,-
22:34:18,797,1.3468,-,-
22:34:18,796,0.0026,-,-
22:34:14,795,1.2126,-,-
22:34:14,794,1.4166,-,-
22:34:14,793,1.2787,-,-
22:34:13,792,1.0391,-,-
22:34:09,791,1.3590,-,-
22:34:08,790,2.0019,-,-
22:34:08,789,0.0001,-,-
22:34:08,788,1.4691,-,-
22:34:05,787,0.0000,-,-
22:34:05,786,1.3608,-,-
22:34:05,785,1.2457,-,-
22:34:05,784,1.2466,-,-
22:34:04,783,0.0003,-,-
22:34:00,782,0.8210,-,-
22:34:00,781,0.5974,-,-
22:33:59,780,0.0002,-,-
22:33:59,779,0.0044,-,-
22:33:56,778,0.9938,-,-
22:33:56,777,0.5311,-,-
22:33:56,776,1.2745,-,-
22:33:56,775,1.3785,-,-
22:33:56,774,1.1187,-,-
22:33:56,773,1.4162,-,-
22:33:54,772,0.8844,-,-
22:33:49,771,0.0001,-,-
22:33:48,770,1.2431,-,-
22:33:47,769,1.0219,-,-
22:33:44,768,1.2896,-,-
22:33:44,767,0.0000,-,-
22:33:44,766,0.0000,-,-
22:33:44,765,1.3714,-,-
22:33:40,764,0.9519,-,-
22:33:40,763,1.3930,-,-
22:33:40,762,0.0000,-,-
22:33:39,761,1.2111,-,-
22:33:34,760,0.9093,-,-
22:33:34,759,1.4583,-,-
22:33:34,758,1.2253,-,-
22:33:34,757,0.9696,-,-
22:33:31,756,0.0003,-,-
22:33:31,755,1.5010,-,-
22:33:31,754,1.3993,-,-
22:33:31,753,1.5239,-,-
22:33:30,752,1.4754,-,-
22:33:26,751,0.0027,-,-
22:33:25,750,1.3412,-,-
22:33:25,749,1.4939,-,-
22:33:25,748,1.4476,-,-
22:33:22,747,0.0000,-,-
22:33:22,746,0.0001,-,-
22:33:22,745,1.7893,-,-
22:33:22,744,1.6314,-,-
22:33:22,743,0.0001,-,-
22:33:22,742,0.8852,-,-
22:33:21,741,1.2559,-,-
22:33:14,740,1.3502,-,-
22:33:14,739,1.9043,-,-
22:33:13,738,0.0001,-,-
22:33:10,737,1.9261,-,-
22:33:10,736,1.4994,-,-
22:33:10,735,0.0002,-,-
22:33:10,734,0.0002,-,-
22:33:10,733,1.4106,-,-
22:33:06,732,0.0016,-,-
22:33:06,731,1.2780,-,-
22:33:04,730,0.0015,-,-
22:33:01,729,0.0018,-,-
22:33:01,728,1.1428,-,-
22:33:01,727,0.7094,-,-
22:33:01,726,0.0010,-,-
22:33:01,725,1.5326,-,-
22:32:57,724,1.3134,-,-
22:32:57,723,0.0003,-,-
22:32:57,722,0.0003,-,-
22:32:56,721,1.3893,-,-
22:32:51,720,0.0006,-,-
22:32:51,719,1.5939,-,-
22:32:51,718,0.0036,-,-
22:32:51,717,1.4341,-,-
22:32:51,716,0.8442,-,-
22:32:48,715,1.1259,-,-
22:32:48,714,0.8966,-,-
22:32:48,713,0.0076,-,-
22:32:48,712,1.1275,-,-
22:32:48,711,1.5223,-,-
22:32:46,710,1.0620,-,-
22:32:41,709,0.9027,-,-
22:32:41,708,0.6763,-,-
22:32:40,707,1.2931,-,-
22:32:36,706,1.3767,-,-
22:32:36,705,0.8663,-,-
22:32:36,704,1.3952,-,-
22:32:36,703,1.0708,-,-
22:32:36,702,1.2453,-,-
22:32:33,701,1.2132,-,-
22:32:31,700,1.4549,1.4137,-
22:32:30,699,1.1447,-,-
22:32:27,698,1.5243,-,-
22:32:27,697,0.8449,-,-
22:32:27,696,0.0004,-,-
22:32:27,695,0.0011,-,-
22:32:27,694,0.0140,-,-
22:32:23,693,1.3970,-,-
22:32:23,692,0.6524,-,-
22:32:23,691,1.3812,-,-
22:32:21,690,1.4257,-,-
22:32:18,689,1.3251,-,-
22:32:18,688,0.0022,-,-
22:32:18,687,1.1465,-,-
22:32:18,686,1.0937,-,-
22:32:18,685,1.0757,-,-
22:32:14,684,0.9324,-,-
22:32:14,683,0.0026,-,-
22:32:14,682,0.9869,-,-
22:32:14,681,0.9232,-,-
22:32:13,680,0.0377,-,-
22:32:12,679,1.0837,-,-
22:32:07,678,1.4797,-,-
22:32:07,677,0.9425,-,-
22:32:06,676,1.1239,-,-
22:32:02,675,1.4084,-,-
22:32:02,674,0.0019,-,-
22:32:02,673,1.0477,-,-
22:32:02,672,1.3472,-,-
22:32:02,671,1.0522,-,-
22:31:58,670,1.3814,-,-
22:31:58,669,0.1058,-,-
22:31:57,668,0.2477,-,-
22:31:53,667,1.3573,-,-
22:31:53,666,1.3311,-,-
22:31:53,665,1.1657,-,-
22:31:53,664,1.4517,-,-
22:31:53,663,1.4061,-,-
22:31:50,662,0.0026,-,-
22:31:50,661,1.1918,-,-
22:31:49,660,0.0010,-,-
22:31:48,659,1.1275,-,-
22:31:44,658,1.4092,-,-
22:31:44,657,1.3482,-,-
22:31:44,656,0.0015,-,-
22:31:44,655,1.2450,-,-
22:31:44,654,1.2784,-,-
22:31:41,653,1.1739,-,-
22:31:41,652,1.4036,-,-
22:31:41,651,0.0051,-,-
22:31:39,650,1.4729,-,-
22:31:38,649,0.0061,-,-
22:31:33,648,1.2435,-,-
22:31:33,647,1.7418,-,-
22:31:33,646,0.0248,-,-
22:31:33,645,1.3109,-,-
22:31:32,644,1.0370,-,-
22:31:29,643,1.4723,-,-
22:31:29,642,1.6432,-,-
22:31:29,641,1.4593,-,-
22:31:27,640,1.2992,-,-
22:31:24,639,0.8680,-,-
22:31:24,638,1.2644,-,-
22:31:23,637,0.0058,-,-
22:31:19,636,0.0142,-,-
22:31:19,635,0.0101,-,-
22:31:19,634,1.2097,-,-
22:31:19,633,1.5964,-,-
22:31:19,632,1.4471,-,-
22:31:16,631,1.3782,-,-
22:31:15,630,0.0453,-,-
22:31:14,629,0.7768,-,-
22:31:10,628,1.0354,-,-
22:31:10,627,0.0281,-,-
22:31:10,626,0.0964,-,-
22:31:10,625,0.0051,-,-
22:31:10,624,0.1449,-,-
22:31:10,623,1.0982,-,-
22:31:07,622,0.8239,-,-
22:31:07,621,0.9554,-,-
22:31:06,620,1.6397,-,-
22:31:06,619,0.9489,-,-
22:31:05,618,1.2456,-,-
22:30:59,617,1.7218,-,-
22:30:59,616,0.0392,-,-
22:30:59,615,1.1856,-,-
22:30:59,614,0.9685,-,-
22:30:58,613,1.3538,-,-
22:30:55,612,1.0726,-,-
22:30:55,611,0.0003,-,-
22:30:54,610,1.3760,-,-
22:30:54,609,1.6357,-,-
22:30:50,608,0.0904,-,-
22:30:50,607,1.3108,-,-
22:30:49,606,0.0504,-,-
22:30:46,605,1.0380,-,-
22:30:46,604,1.0145,-,-
22:30:46,603,0.9104,-,-
22:30:46,602,1.6384,-,-
22:30:46,601,0.0001,-,-
22:30:41,600,1.4059,0.0001,-
22:30:41,599,1.4493,-,-
22:30:40,598,0.0001,-,-
22:30:37,597,1.0777,-,-
22:30:37,596,0.2894,-,-
22:30:37,595,1.0533,-,-
22:30:37,594,0.4181,-,-
22:30:37,593,1.5223,-,-
22:30:33,592,0.2209,-,-
22:30:33,591,1.4631,-,-
22:30:32,590,0.0091,-,-
22:30:32,589,1.1186,-,-
22:30:32,588,0.0003,-,-
22:30:31,587,1.4970,-,-
22:30:25,586,2.2935,-,-
22:30:25,585,0.7415,-,-
22:30:25,584,0.9494,-,-
22:30:24,583,1.2271,-,-
22:30:21,582,1.1966,-,-
22:30:21,581,1.5846,-,-
22:30:20,580,1.6605,-,-
22:30:20,579,1.1716,-,-
22:30:20,578,0.0589,-,-
22:30:16,577,1.0807,-,-
22:30:16,576,0.6420,-,-
22:30:16,575,0.0122,-,-
22:30:15,574,0.9779,-,-
22:30:12,573,0.3846,-,-
22:30:12,572,1.2194,-,-
22:30:12,571,1.3696,-,-
22:30:11,570,1.0863,-,-
22:30:07,569,0.0000,-,-
22:30:07,568,0.4998,-,-
22:30:06,567,1.3489,-,-
22:30:03,566,1.2503,-,-
22:30:03,565,0.8836,-,-
22:30:03,564,1.3527,-,-
22:30:03,563,0.8712,-,-
22:30:03,562,0.8245,-,-
22:29:59,561,0.6019,-,-
22:29:58,560,0.9286,-,-
22:29:58,559,1.4556,-,-
22:29:58,558,0.9745,-,-
22:29:58,557,1.1085,-,-
22:29:57,556,0.6056,-,-
22:29:52,555,0.0001,-,-
22:29:52,554,0.0001,-,-
22:29:52,553,1.4484,-,-
22:29:51,552,1.5232,-,-
22:29:47,551,1.0991,-,-
22:29:46,550,1.5404,-,-
22:29:46,549,1.3478,-,-
22:29:46,548,1.0614,-,-
22:29:46,547,0.0000,-,-
22:29:43,546,1.3579,-,-
22:29:43,545,1.1829,-,-
22:29:43,544,1.5891,-,-
22:29:41,543,1.2697,-,-
22:29:38,542,0.0001,-,-
22:29:38,541,0.0000,-,-
22:29:37,540,1.5264,-,-
22:29:37,539,0.0000,-,-
22:29:33,538,1.6345,-,-
22:29:33,537,1.6362,-,-
22:29:33,536,1.1072,-,-
22:29:32,535,0.5079,-,-
22:29:29,534,0.0001,-,-
22:29:29,533,1.1787,-,-
22:29:29,532,0.0006,-,-
22:29:29,531,0.0006,-,-
22:29:28,530,1.0849,-,-
22:29:24,529,1.0253,-,-
22:29:24,528,0.9770,-,-
22:29:24,527,0.0065,-,-
22:29:24,526,0.0083,-,-
22:29:23,525,1.2924,-,-
22:29:18,524,1.6067,-,-
22:29:18,523,0.0070,-,-
22:29:18,522,1.1165,-,-
22:29:17,521,1.2218,-,-
22:29:12,520,0.3769,-,-
22:29:12,519,0.8895,-,-
22:29:12,518,1.5084,-,-
22:29:12,517,0.0303,-,-
22:29:12,516,1.1157,-,-
22:29:09,515,0.0802,-,-
22:29:09,514,1.4668,-,-
22:29:09,513,1.0217,-,-
22:29:08,512,1.5215,-,-
22:29:04,511,1.4530,-,-
22:29:03,510,1.2573,-,-
22:29:03,509,0.6324,-,-
22:29:03,508,1.0893,-,-
22:29:00,507,0.0543,-,-
22:29:00,506,0.0014,-,-
22:29:00,505,0.0009,-,-
22:28:59,504,0.0015,-,-
22:28:55,503,1.4112,-,-
22:28:55,502,1.3900,-,-
22:28:55,501,1.1199,-,-
22:28:54,500,1.1181,0.0077,-
22:28:54,499,1.4552,-,-
22:28:50,498,1.4508,-,-
22:28:50,497,1.2333,-,-
22:28:50,496,1.1062,-,-
22:28:50,495,0.0020,-,-
22:28:50,494,1.0386,-,-
22:28:49,493,1.2527,-,-
22:28:44,492,1.3392,-,-
22:28:44,491,1.6886,-,-
22:28:42,490,0.0035,-,-
22:28:38,489,1.3920,-,-
22:28:38,488,1.3644,-,-
22:28:38,487,0.2173,-,-
22:28:38,486,1.3279,-,-
22:28:38,485,0.0435,-,-
22:28:35,484,1.7855,-,-
22:28:35,483,0.0066,-,-
22:28:35,482,0.9090,-,-
22:28:34,481,0.7428,-,-
22:28:29,480,1.4478,-,-
22:28:29,479,1.5419,-,-
22:28:29,478,1.2444,-,-
22:28:29,477,0.0036,-,-
22:28:26,476,0.9770,-,-
22:28:26,475,1.3866,-,-
22:28:26,474,1.0986,-,-
22:28:25,473,1.1515,-,-
22:28:21,472,0.1134,-,-
22:28:21,471,0.5896,-,-
22:28:20,470,1.3628,-,-
22:28:20,469,1.2665,-,-
22:28:17,468,0.5346,-,-
22:28:17,467,0.3332,-,-
22:28:17,466,1.1802,-,-
22:28:17,465,1.2535,-,-
22:28:17,464,0.1521,-,-
22:28:17,463,0.8413,-,-
22:28:16,462,0.7187,-,-
22:28:10,461,1.4602,-,-
22:28:09,460,1.3329,-,-
22:28:08,459,1.4244,-,-
22:28:05,458,1.1988,-,-
22:28:05,457,0.6575,-,-
22:28:05,456,1.4277,-,-
22:28:05,455,1.4315,-,-
22:28:01,454,1.3856,-,-
22:28:01,453,1.4959,-,-
22:28:01,452,0.8120,-,-
22:28:00,451,1.1541,-,-
22:27:56,450,1.2003,-,-
22:27:56,449,1.2357,-,-
22:27:56,448,0.8627,-,-
22:27:56,447,0.6730,-,-
22:27:52,446,1.0564,-,-
22:27:52,445,1.3097,-,-
22:27:52,444,1.3090,-,-
22:27:52,443,1.3126,-,-
22:27:51,442,0.8075,-,-
22:27:48,441,1.6311,-,-
22:27:46,440,1.4060,-,-
22:27:46,439,1.4972,-,-
22:27:46,438,1.1501,-,-
22:27:43,437,1.5235,-,-
22:27:43,436,0.6863,-,-
22:27:43,435,1.2697,-,-
22:27:43,434,0.0041,-,-
22:27:43,433,0.6898,-,-
22:27:43,432,1.4946,-,-
22:27:42,431,1.3037,-,-
22:27:36,430,1.3728,-,-
22:27:36,429,0.6422,-,-
22:27:35,428,1.4360,-,-
22:27:31,427,0.9519,-,-
22:27:31,426,0.0011,-,-
22:27:31,425,0.7279,-,-
22:27:31,424,1.0803,-,-
22:27:31,423,1.0751,-,-
22:27:28,422,0.6951,-,-
22:27:28,421,1.2299,-,-
22:27:25,420,0.6515,-,-
22:27:22,419,1.4322,-,-
22:27:22,418,1.1541,-,-
22:27:22,417,1.0137,-,-
22:27:22,416,0.9738,-,-
22:27:22,415,1.6583,-,-
22:27:18,414,0.0008,-,-
22:27:18,413,1.1438,-,-
22:27:18,412,1.2985,-,-
22:27:17,411,0.0004,-,-
22:27:13,410,1.3789,-,-
22:27:13,409,0.0024,-,-
22:27:13,408,1.1146,-,-
22:27:13,407,1.5083,-,-
22:27:13,406,1.0456,-,-
22:27:09,405,0.8629,-,-
22:27:09,404,1.1079,-,-
22:27:09,403,0.0057,-,-
22:27:09,402,0.8245,-,-
22:27:09,401,1.4610,-,-
22:27:07,400,1.3691,1.0881,-
22:27:02,399,1.3634,-,-
22:27:01,398,1.0880,-,-
22:26:57,397,1.0967,-,-
22:26:57,396,1.4196,-,-
22:26:57,395,0.0268,-,-
22:26:57,394,1.3432,-,-
22:26:57,393,0.0321,-,-
22:26:57,392,1.3875,-,-
22:26:54,391,1.7507,-,-
22:26:53,390,1.1430,-,-
22:26:52,389,1.0266,-,-
22:26:48,388,1.2340,-,-
22:26:48,387,1.0752,-,-
22:26:48,386,1.4084,-,-
22:26:48,385,1.0814,-,-
22:26:44,384,1.5392,-,-
22:26:44,383,1.3390,-,-
22:26:44,382,1.5302,-,-
22:26:43,381,1.0889,-,-
22:26:39,380,0.0186,-,-
22:26:39,379,0.0036,-,-
22:26:39,378,1.2540,-,-
22:26:39,377,0.0010,-,-
22:26:39,376,1.2183,-,-
22:26:39,375,1.1204,-,-
22:26:35,374,0.9568,-,-
22:26:35,373,1.1483,-,-
22:26:35,372,1.3854,-,-
22:26:35,371,1.2671,-,-
22:26:33,370,1.4705,-,-
22:26:28,369,0.0826,-,-
22:26:28,368,0.0011,-,-
22:26:28,367,1.0468,-,-
22:26:27,366,1.3909,-,-
22:26:23,365,0.2080,-,-
22:26:23,364,1.0118,-,-
22:26:23,363,1.5101,-,-
22:26:23,362,0.0181,-,-
22:26:23,361,1.3509,-,-
22:26:19,360,0.0067,-,-
22:26:19,359,1.4201,-,-
22:26:18,358,1.3782,-,-
22:26:14,357,1.3955,-,-
22:26:14,356,0.7711,-,-
22:26:14,355,1.0908,-,-
22:26:14,354,1.2887,-,-
22:26:14,353,1.4139,-,-
22:26:11,352,1.3391,-,-
22:26:11,351,0.0028,-,-
22:26:08,350,0.0020,-,-
22:26:05,349,1.4104,-,-
22:26:05,348,1.3009,-,-
22:26:05,347,1.1048,-,-
22:26:05,346,1.8143,-,-
22:26:05,345,0.8831,-,-
22:26:05,344,1.3634,-,-
22:26:01,343,1.6791,-,-
22:26:01,342,2.0036,-,-
22:26:01,341,1.1742,-,-
22:26:00,340,0.0016,-,-
22:26:00,339,1.6167,-,-
22:25:59,338,1.0712,-,-
22:25:54,337,1.0460,-,-
22:25:54,336,1.3359,-,-
22:25:54,335,0.0013,-,-
22:25:53,334,1.4093,-,-
22:25:49,333,1.4731,-,-
22:25:49,332,1.4824,-,-
22:25:49,331,0.0015,-,-
22:25:48,330,1.4197,-,-
22:25:44,329,1.4755,-,-
22:25:44,328,1.1800,-,-
22:25:44,327,1.0740,-,-
22:25:43,326,1.1519,-,-
22:25:40,325,0.0032,-,-
22:25:40,324,1.4219,-,-
22:25:40,323,1.2698,-,-
22:25:40,322,0.0085,-,-
22:25:40,321,1.2400,-,-
22:25:35,320,0.2435,-,-
22:25:35,319,0.0197,-,-
22:25:34,318,1.0444,-,-
22:25:31,317,0.9723,-,-
22:25:31,316,0.7603,-,-
22:25:31,315,0.0246,-,-
22:25:31,314,1.2297,-,-
22:25:31,313,1.1436,-,-
22:25:27,312,1.0630,-,-
22:25:27,311,1.7922,-,-
22:25:26,310,1.0401,-,-
22:25:26,309,0.0114,-,-
22:25:25,308,1.2999,-,-
22:25:20,307,1.1246,-,-
22:25:20,306,0.8957,-,-
22:25:20,305,1.0836,-,-
22:25:20,304,1.3274,-,-
22:25:20,303,0.0002,-,-
22:25:16,302,1.5101,-,-
22:25:15,301,1.3465,-,-
22:25:14,300,0.0001,0.0001,-
22:25:14,299,1.1374,-,-
22:25:14,298,1.2913,-,-
22:25:10,297,1.4947,-,-
22:25:10,296,1.1995,-,-
22:25:10,295,1.2255,-,-
22:25:09,294,1.3653,-,-
22:25:05,293,1.5392,-,-
22:25:05,292,1.5671,-,-
22:25:05,291,0.0011,-,-
22:25:04,290,1.4565,-,-
22:25:01,289,0.0027,-,-
22:25:01,288,1.3246,-,-
22:24:59,287,0.0048,-,-
22:24:56,286,0.3060,-,-
22:24:56,285,1.2074,-,-
22:24:56,284,0.7292,-,-
22:24:56,283,0.0491,-,-
22:24:56,282,1.3148,-,-
22:24:53,281,1.4081,-,-
22:24:51,280,1.6222,-,-
22:24:51,279,1.4045,-,-
22:24:51,278,1.2765,-,-
22:24:51,277,1.4057,-,-
22:24:50,276,1.2579,-,-
22:24:45,275,1.5507,-,-
22:24:45,274,1.2862,-,-
22:24:45,273,1.3114,-,-
22:24:44,272,2.0687,-,-
22:24:41,271,1.2575,-,-
22:24:40,270,0.0014,-,-
22:24:40,269,0.0019,-,-
22:24:40,268,1.3935,-,-
22:24:40,267,1.4170,-,-
22:24:36,266,1.3497,-,-
22:24:36,265,0.0016,-,-
22:24:36,264,0.0007,-,-
22:24:35,263,1.0510,-,-
22:24:31,262,1.3947,-,-
22:24:31,261,1.6950,-,-
22:24:30,260,1.6758,-,-
22:24:30,259,1.6274,-,-
22:24:30,258,0.0005,-,-
22:24:26,257,0.0014,-,-
22:24:26,256,0.2464,-,-
22:24:26,255,1.7720,-,-
22:24:26,254,1.0245,-,-
22:24:26,253,1.8637,-,-
22:24:25,252,1.5840,-,-
22:24:21,251,0.0007,-,-
22:24:19,250,0.0031,-,-
22:24:19,249,0.0021,-,-
22:24:19,248,0.0020,-,-
22:24:19,247,1.2910,-,-
22:24:18,246,1.0084,-,-
22:24:13,245,1.4067,-,-
22:24:13,244,1.5301,-,-
22:24:13,243,0.0039,-,-
22:24:12,242,1.2390,-,-
22:24:08,241,1.3858,-,-
22:24:07,240,1.4698,-,-
22:24:07,239,0.0023,-,-
22:24:07,238,1.2655,-,-
22:24:04,237,1.4326,-,-
22:24:04,236,0.0002,-,-
22:24:04,235,1.3821,-,-
22:24:03,234,1.3157,-,-
22:23:59,233,1.9156,-,-
22:23:59,232,1.0208,-,-
22:23:59,231,0.0058,-,-
22:23:58,230,1.6913,-,-
22:23:54,229,1.2355,-,-
22:23:54,228,1.3452,-,-
22:23:54,227,1.4375,-,-
22:23:53,226,0.0011,-,-
22:23:50,225,0.0003,-,-
22:23:50,224,0.0003,-,-
22:23:50,223,1.1730,-,-
22:23:50,222,1.5084,-,-
22:23:50,221,0.0009,-,-
22:23:45,220,1.3187,-,-
22:23:45,219,0.0054,-,-
22:23:45,218,1.1068,-,-
22:23:45,217,0.0021,-,-
22:23:45,216,1.2019,-,-
22:23:44,215,1.0928,-,-
22:23:39,214,1.3585,-,-
22:23:39,213,0.0087,-,-
22:23:39,212,0.1767,-,-
22:23:38,211,1.2213,-,-
22:23:33,210,1.3900,-,-
22:23:33,209,1.5230,-,-
22:23:33,208,1.3482,-,-
22:23:33,207,1.5700,-,-
22:23:30,206,1.5166,-,-
22:23:30,205,2.6164,-,-
22:23:30,204,1.2750,-,-
22:23:30,203,1.3430,-,-
22:23:29,202,1.3259,-,-
22:23:25,201,0.0012,-,-
22:23:24,200,0.4852,1.1336,-
22:23:24,199,1.7701,-,-
22:23:21,198,1.2521,-,-
22:23:21,197,0.0010,-,-
22:23:21,196,1.3655,-,-
22:23:19,195,1.5928,-,-
22:23:16,194,1.5081,-,-
22:23:16,193,0.9282,-,-
22:23:16,192,0.9814,-,-
22:23:16,191,1.6993,-,-
22:23:11,190,1.6221,-,-
22:23:11,189,1.4237,-,-
22:23:11,188,0.0003,-,-
22:23:11,187,0.0003,-,-
22:23:11,186,1.5216,-,-
22:23:10,185,1.3067,-,-
22:23:05,184,1.7247,-,-
22:23:05,183,0.0005,-,-
22:23:05,182,0.0006,-,-
22:23:04,181,1.0044,-,-
22:22:59,180,0.0015,-,-
22:22:59,179,0.0045,-,-
22:22:59,178,1.3638,-,-
22:22:59,177,1.1214,-,-
22:22:59,176,1.4225,-,-
22:22:56,175,0.9676,-,-
22:22:56,174,0.0010,-,-
22:22:56,173,1.4382,-,-
22:22:55,172,0.0020,-,-
22:22:51,171,1.2680,-,-
22:22:50,170,0.0012,-,-
22:22:50,169,0.0027,-,-
22:22:50,168,1.0463,-,-
22:22:47,167,1.4106,-,-
22:22:47,166,0.0418,-,-
22:22:47,165,0.8348,-,-
22:22:46,164,0.0433,-,-
22:22:42,163,1.2112,-,-
22:22:42,162,1.5491,-,-
22:22:42,161,1.5925,-,-
22:22:41,160,1.1185,-,-
22:22:41,159,0.0497,-,-
22:22:37,158,1.0199,-,-
22:22:37,157,1.0221,-,-
22:22:37,156,0.9709,-,-
22:22:37,155,0.0574,-,-
22:22:37,154,1.4841,-,-
22:22:36,153,1.4098,-,-
22:22:31,152,1.2784,-,-
22:22:31,151,1.5742,-,-
22:22:30,150,1.3725,-,-
22:22:29,149,1.5270,-,-
22:22:25,148,1.5307,-,-
22:22:25,147,0.5125,-,-
22:22:25,146,1.4779,-,-
22:22:25,145,1.2391,-,-
22:22:22,144,1.0107,-,-
22:22:22,143,0.0799,-,-
22:22:22,142,1.3095,-,-
22:22:21,141,0.8354,-,-
22:22:16,140,1.5001,-,-
22:22:16,139,1.3231,-,-
22:22:16,138,1.8215,-,-
22:22:16,137,1.3099,-,-
22:22:13,136,0.6894,-,-
22:22:13,135,0.7157,-,-
22:22:13,134,0.0018,-,-
22:22:12,133,0.4337,-,-
22:22:08,132,1.6068,-,-
22:22:08,131,1.2969,-,-
22:22:07,130,1.1876,-,-
22:22:07,129,1.1814,-,-
22:22:07,128,1.1479,-,-
22:22:04,127,1.5255,-,-
22:22:04,126,1.4239,-,-
22:22:04,125,0.0015,-,-
22:22:04,124,1.2514,-,-
22:22:04,123,1.4008,-,-
22:22:04,122,0.0073,-,-
22:22:02,121,1.1549,-,-
22:21:56,120,1.2986,-,-
22:21:56,119,0.0611,-,-
22:21:55,118,0.0890,-,-
22:21:52,117,1.0529,-,-
22:21:52,116,0.9632,-,-
22:21:52,115,1.6289,-,-
22:21:52,114,1.2337,-,-
22:21:52,113,1.4963,-,-
22:21:48,112,1.2490,-,-
22:21:48,111,0.2588,-,-
22:21:46,110,2.6775,-,-
22:21:42,109,0.0109,-,-
22:21:42,108,1.1287,-,-
22:21:42,107,1.1770,-,-
22:21:42,106,1.3881,-,-
22:21:39,105,1.2353,-,-
22:21:39,104,1.4507,-,-
22:21:39,103,1.4034,-,-
22:21:39,102,1.7767,-,-
22:21:38,101,0.0001,-,-
22:21:33,100,1.6061,0.0001,-
22:21:33,99,1.8301,-,-
22:21:33,98,1.4627,-,-
22:21:30,97,1.2932,-,-
22:21:30,96,0.0001,-,-
22:21:30,95,2.1968,-,-
22:21:30,94,2.1623,-,-
22:21:30,93,1.7756,-,-
22:21:30,92,1.1018,-,-
22:21:29,91,0.0004,-,-
22:21:22,90,0.0014,-,-
22:21:22,89,0.0008,-,-
22:21:21,88,1.8422,-,-
22:21:18,87,0.0032,-,-
22:21:18,86,1.4810,-,-
22:21:18,85,0.0009,-,-
22:21:18,84,1.4110,-,-
22:21:18,83,1.3801,-,-
22:21:14,82,1.6814,-,-
22:21:14,81,1.7597,-,-
22:21:12,80,1.6352,-,-
22:21:08,79,0.0292,-,-
22:21:08,78,1.5071,-,-
22:21:08,77,1.3364,-,-
22:21:08,76,0.1052,-,-
22:21:08,75,1.5724,-,-
22:21:05,74,1.1671,-,-
22:21:05,73,1.6956,-,-
22:21:05,72,1.0686,-,-
22:21:04,71,1.6231,-,-
22:20:59,70,1.4387,-,-
22:20:59,69,0.9668,-,-
22:20:59,68,1.6895,-,-
22:20:59,67,1.4540,-,-
22:20:59,66,0.9177,-,-
22:20:55,65,1.5240,-,-
22:20:55,64,0.2817,-,-
22:20:55,63,1.3930,-,-
22:20:55,62,1.5025,-,-
22:20:55,61,0.0006,-,-
22:20:53,60,0.0014,-,-
22:20:48,59,1.0825,-,-
22:20:48,58,1.2818,-,-
22:20:47,57,1.6144,-,-
22:20:43,56,0.3303,-,-
22:20:43,55,0.0073,-,-
22:20:43,54,2.4450,-,-
22:20:43,53,1.5474,-,-
22:20:43,52,1.1987,-,-
22:20:40,51,0.0366,-,-
22:20:39,50,1.7390,-,-
22:20:39,49,0.0082,-,-
22:20:38,48,1.8562,-,-
22:20:34,47,1.5719,-,-
22:20:34,46,3.1650,-,-
22:20:34,45,1.4681,-,-
22:20:34,44,1.3635,-,-
22:20:34,43,1.9147,-,-
22:20:31,42,0.0003,-,-
22:20:31,41,2.4168,-,-
22:20:28,40,0.0027,-,-
22:20:25,39,2.9790,-,-
22:20:25,38,0.0000,-,-
22:20:25,37,0.0000,-,-
22:20:25,36,2.5757,-,-
22:20:25,35,2.0810,-,-
22:20:21,34,2.1938,-,-
22:20:21,33,2.8907,-,-
22:20:21,32,0.0004,-,-
22:20:21,31,0.0087,-,-
22:20:20,30,0.0002,-,-
22:20:20,29,0.0004,-,-
22:20:19,28,5.0563,-,-
22:20:13,27,1.9794,-,-
22:20:13,26,2.4670,-,-
22:20:13,25,2.2662,-,-
22:20:12,24,0.0008,-,-
22:20:08,23,5.8595,-,-
22:20:08,22,2.1175,-,-
22:20:08,21,2.9966,-,-
22:20:07,20,3.4166,-,-
22:20:03,19,0.0015,-,-
22:20:03,18,2.7218,-,-
22:20:03,17,3.3345,-,-
22:20:02,16,4.3956,-,-
22:19:59,15,5.7200,-,-
22:19:59,14,0.0001,-,-
22:19:59,13,1.8558,-,-
22:19:59,12,4.3296,-,-
22:19:55,11,6.9223,-,-
22:19:54,10,1.7437,-,-
22:19:54,9,5.3362,-,-
22:19:53,8,2.2570,-,-
22:19:50,7,8.3323,-,-
22:19:50,6,4.0737,-,-
22:19:50,5,7.0964,-,-
22:19:50,4,4.0654,-,-
22:19:50,3,2.5710,-,-
22:19:45,2,5.1906,-,-
22:19:44,1,5.0026,-,-
Copy JobPlayground,,,,
